1199	奥迪	29	奥迪200	合资
1199	奥迪	2614	奥迪A5	合资
1199	奥迪	2615	奥迪A6	合资
1199	奥迪	2616	奥迪A8L	合资
1199	奥迪	2617	奥迪Q7	合资
1199	奥迪	2619	奥迪S5	合资
1199	奥迪	2620	奥迪S8	合资
1199	奥迪	2624	奥迪S4	合资
1199	奥迪	2625	奥迪A3	合资
1199	奥迪	2626	奥迪A4	合资
1199	奥迪	2627	奥迪A6L	合资
1199	奥迪	2628	奥迪A4L	合资
1199	奥迪	2630	奥迪100	合资
1199	奥迪	5381	奥迪Q5	合资
1199	奥迪	5384	奥迪A7	合资
1199	奥迪	16846	奥迪A2	合资
1199	奥迪	16848	奥迪RS5	合资
1199	奥迪	16849	奥迪RS6	合资
1199	奥迪	16850	奥迪S3	合资
1199	奥迪	16851	奥迪S6	合资
1199	奥迪	16852	奥迪S7	合资
1199	奥迪	18381	奥迪TT	合资
1199	奥迪	22617	奥迪SQ5	
1199	奥迪	22618	奥迪A1	合资
1199	奥迪	22619	奥迪RS7	合资
1199	奥迪	22623	奥迪Q3	合资
1199	奥迪	104159	奥迪RS4	合资
1199	奥迪	104160	奥迪RS3	合资
1199	奥迪	106440	奥迪R8	合资
1199	奥迪	106457	奥迪80	合资
1199	奥迪	160933	奥迪A8	合资
1199	奥迪	161313	奥迪TTS	合资
1199	奥迪	161620	奥迪Q7新能源	合资
1199	奥迪	161664	奥迪TT RS	合资
1199	奥迪	161785	奥迪A6L新能源	合资
1217	阿尔法·罗密欧	2631	ALFA 156	合资
1217	阿尔法·罗密欧	106310	ALFA 147	合资
1217	阿尔法·罗密欧	106312	ALFA GT	合资
1217	阿尔法·罗密欧	161509	Giulia	合资
1217	阿尔法·罗密欧	161549	Stelvio	合资
1217	阿尔法·罗密欧	161613	ALFA 166	合资
1218	阿斯顿·马丁	2635	阿斯顿·马丁DB9	合资
1218	阿斯顿·马丁	2636	阿斯顿·马丁DBS	合资
1218	阿斯顿·马丁	5379	阿斯顿马丁Rapide	合资
1218	阿斯顿·马丁	5380	阿斯顿·马丁One-77	合资
1218	阿斯顿·马丁	16854	阿斯顿马丁Cygnet	合资
1218	阿斯顿·马丁	16858	阿斯顿马Virage	合资
1218	阿斯顿·马丁	22614	阿斯顿马丁Vanquish	合资
1218	阿斯顿·马丁	106313	阿斯顿马丁DB7	合资
1218	阿斯顿·马丁	106446	阿斯顿·马丁Vantage	合资
1218	阿斯顿·马丁	106462	阿斯顿·马丁Zagato	合资
1218	阿斯顿·马丁	161076	阿斯顿·马丁V12 Zagato	合资
1218	阿斯顿·马丁	161078	阿斯顿·马丁DB11	合资
1218	阿斯顿·马丁	161170	V12 Vantage	合资
1218	阿斯顿·马丁	161364	V8 Vantage	合资
1219	安驰	105838	威豹	国产
1219	安驰	105839	小公主	国产
1219	安驰	105840	雪豹	国产
103764	Alpina	105535	AlpinaB7	合资
103764	Alpina	161236	B4 BITURBO	合资
103803	AC Schnitzer	161058	AC Schnitzer X5	合资
103803	AC Schnitzer	161581	AC Schnitzer M3	合资
103803	AC Schnitzer	161644	AC Schnitzer X6	合资
103803	AC Schnitzer	161645	AC Schnitzer 7系	合资
103811	奥驰	161371	悦菱	国产
103811	奥驰	161372	奥驰M系	国产
103819	安凯客车	161404	宝斯通	国产
103841	ARCFOX	161668	LITE原力版	国产
1196	本田	26	本田CR-V	合资
1196	本田	2704	里程	合资
1196	本田	2706	时韵	合资
1196	本田	2707	元素	合资
1196	本田	2709	雅阁	合资
1196	本田	2711	思域	合资
1196	本田	2713	锋范	合资
1196	本田	2714	思迪	合资
1196	本田	2715	飞度	合资
1196	本田	5508	思铂睿	合资
1196	本田	5509	歌诗图	合资
1196	本田	16898	本田CR-Z	合资
1196	本田	16899	领航员	合资
1196	本田	16900	艾力绅	合资
1196	本田	16903	音赛特	合资
1196	本田	16904	奥德赛	合资
1196	本田	16905	本田S2000	合资
1196	本田	22098	凌派	合资
1196	本田	22488	缤智	合资
1196	本田	22493	杰德	合资
1196	本田	104167	本田XR-V	合资
1196	本田	105965	气浪	合资
1196	本田	105974	本田CR-X	合资
1196	本田	105975	本田FCX	合资
1196	本田	105978	本田Passport	合资
1196	本田	105979	序曲	合资
1196	本田	105980	本田Ridgeline	合资
1196	本田	160889	哥瑞	合资
1196	本田	161096	锋范经典	合资
1196	本田	161097	冠道	合资
1196	本田	161104	竞瑞	国产
1196	本田	161492	本田UR-V	合资
1197	奔驰	2642	奔驰CLK级	合资
1197	奔驰	2643	奔驰CLS级	合资
1197	奔驰	2644	奔驰CL级	合资
1197	奔驰	2645	奔驰GL级	合资
1197	奔驰	2647	凌特	合资
1197	奔驰	2648	奔驰M级	合资
1197	奔驰	2650	奔驰S级	合资
1197	奔驰	2651	奔驰SL级	合资
1197	奔驰	2652	奔驰SLK级	合资
1197	奔驰	2653	奔驰C级	合资
1197	奔驰	2654	奔驰E级	合资
1197	奔驰	2655	奔驰B级	合资
1197	奔驰	2661	奔驰A级	合资
1197	奔驰	5395	奔驰G级	合资
1197	奔驰	16883	奔驰MB100	合资
1197	奔驰	16885	奔驰SLR级	合资
1197	奔驰	16887	奔驰R级	合资
1197	奔驰	22447	斯宾特	合资
1197	奔驰	22449	奔驰CLA级	合资
1197	奔驰	22584	奔驰GLA级	合资
1197	奔驰	105087	奔驰A级AMG	合资
1197	奔驰	105088	奔驰C级AMG	合资
1197	奔驰	105091	奔驰CLS级AMG	合资
1197	奔驰	105093	奔驰E级AMG	合资
1197	奔驰	105094	奔驰G级AMG	合资
1197	奔驰	105095	奔驰GL级AMG	合资
1197	奔驰	105097	奔驰GLK级	合资
1197	奔驰	105098	奔驰M级AMG	合资
1197	奔驰	105099	奔驰S级AMG	合资
1197	奔驰	105100	奔驰SL级AMG	合资
1197	奔驰	105102	奔驰SLS级AMG	合资
1197	奔驰	105103	唯雅诺	合资
1197	奔驰	105104	威霆	合资
1197	奔驰	105805	奔驰CL级AMG	合资
1197	奔驰	105806	奔驰CLA级AMG	合资
1197	奔驰	105807	奔驰GLK级AMG	合资
1197	奔驰	105808	奔驰GLA级AMG	合资
1197	奔驰	105809	迈巴赫S级	合资
1197	奔驰	105811	奔驰R级AMG	合资
1197	奔驰	105812	奔驰SLK级AMG	合资
1197	奔驰	105819	乌尼莫克U5000 SUV	合资
1197	奔驰	106619	奔驰AMG GT	合资
1197	奔驰	160873	奔驰GLE级AMG	合资
1197	奔驰	160874	奔驰GLE级	合资
1197	奔驰	160891	奔驰GLC级	合资
1197	奔驰	160904	奔驰GLS级AMG	合资
1197	奔驰	160905	奔驰GLS级	合资
1197	奔驰	160906	奔驰V级	合资
1197	奔驰	160941	奔驰SLC级	合资
1197	奔驰	161074	奔驰Sprinter	合资
1197	奔驰	161482	劳伦士	合资
1197	奔驰	161653	奔驰GLC级AMG	合资
1198	宝马	2680	宝马1系	合资
1198	宝马	2681	宝马3系	合资
1198	宝马	2682	宝马5系	合资
1198	宝马	2684	宝马7系	合资
1198	宝马	2686	宝马X3	合资
1198	宝马	2687	宝马X5	合资
1198	宝马	2688	宝马X6	合资
1198	宝马	2689	宝马Z4	合资
1198	宝马	5412	宝马6系	合资
1198	宝马	5415	宝马X1	合资
1198	宝马	16862	宝马8系	
1198	宝马	16864	宝马Z3	合资
1198	宝马	16865	宝马Z8	合资
1198	宝马	22596	宝马i3	合资
1198	宝马	22600	宝马X4	合资
1198	宝马	22602	宝马4系	合资
1198	宝马	104162	宝马2系	合资
1198	宝马	105135	宝马M系	合资
1198	宝马	105843	宝马i8	合资
1198	宝马	161080	宝马2系多功能旅行车	合资
1198	宝马	161081	宝马X6 M	合资
1198	宝马	161171	宝马2系旅行车	国产
1198	宝马	161172	宝马2系旅行车(进口)	合资
1198	宝马	161173	宝马X5 M	合资
1198	宝马	161314	宝马3系GT	合资
1198	宝马	161315	宝马5系GT	合资
1198	宝马	161499	宝马X1新能源	合资
1198	宝马	161710	宝马6系GT	合资
1206	别克	30	别克GL8	合资
1206	别克	2664	昂科雷	合资
1206	别克	2665	世纪	合资
1206	别克	2666	君越	合资
1206	别克	2667	凯越	合资
1206	别克	2668	凯越HRV	合资
1206	别克	2669	凯越旅行车	合资
1206	别克	2670	林荫大道	合资
1206	别克	5421	英朗	合资
1206	别克	16923	君威	合资
1206	别克	16926	荣御	合资
1206	别克	16928	别克	合资
1206	别克	16930	昂科拉	合资
1206	别克	104169	昂科威	合资
1206	别克	105710	别克Electra	合资
1206	别克	105711	别克LeSabre	合资
1206	别克	105712	别克Lucerne	合资
1206	别克	105713	别克Rainier	合资
1206	别克	105715	皇朝	合资
1206	别克	105716	朗迪	合资
1206	别克	105717	路霸	合资
1206	别克	105718	云雀	合资
1206	别克	105719	别克Terraza	合资
1206	别克	105722	赛欧-三厢	合资
1206	别克	105723	赛欧SRV	合资
1206	别克	106617	威朗	合资
1206	别克	161531	别克VELITE 5	国产
1206	别克	161670	新世纪	国产
1206	别克	161686	别克GL6	合资
1206	别克	161687	阅朗	合资
1212	比亚迪	12	比亚迪F3	国产
1212	比亚迪	2718	比亚迪F0	国产
1212	比亚迪	2719	比亚迪F3R	国产
1212	比亚迪	2720	比亚迪F6	国产
1212	比亚迪	2723	福莱尔	国产
1212	比亚迪	5425	比亚迪S8	国产
1212	比亚迪	5426	比亚迪G3	国产
1212	比亚迪	5427	比亚迪M6	国产
1212	比亚迪	5428	比亚迪L3	国产
1212	比亚迪	5429	比亚迪e6	国产
1212	比亚迪	5430	比亚迪G3R	国产
1212	比亚迪	5431	比亚迪S6	国产
1212	比亚迪	5432	比亚迪G6	国产
1212	比亚迪	16937	秦	国产
1212	比亚迪	22412	思锐	国产
1212	比亚迪	22470	速锐	国产
1212	比亚迪	22572	比亚迪S7	国产
1212	比亚迪	105265	百灵	国产
1212	比亚迪	105266	福星	国产
1212	比亚迪	106015	比亚迪G5	国产
1212	比亚迪	106618	唐	国产
1212	比亚迪	160885	宋	国产
1212	比亚迪	160911	比亚迪e5	国产
1212	比亚迪	160946	元	国产
1212	比亚迪	161538	宋新能源	国产
1212	比亚迪	161676	宋MAX	国产
1221	宝龙	2673	菱麒	国产
1221	宝龙	2674	天马座	国产
1221	宝龙	2675	菱惠	国产
1221	宝龙	2676	菱骏	国产
1221	宝龙	105876	霸道	国产
1222	宾利	2678	欧陆	合资
1222	宾利	2679	雅骏	合资
1222	宾利	5394	慕尚	合资
1222	宾利	16935	雅致	合资
1222	宾利	22481	飞驰	合资
1222	宾利	105878	宾利Brooklands	合资
1222	宾利	160884	添越	合资
1223	北汽	2691	战旗	国产
1223	北汽	2693	雷驰	国产
1223	北汽	2694	陆铃	国产
1223	北汽	2695	骑士	国产
1223	北汽	2698	旋风二代	国产
1223	北汽	2699	BJ212	国产
1223	北汽	5389	勇士	国产
1223	北汽	105008	陆霸	国产
1223	北汽	105010	骑士S12	国产
1223	北汽	105730	北汽6460	国产
1223	北汽	106620	北京BW007	国产
1223	北汽	161146	越铃	国产
1223	北汽	161561	锐铃	国产
1223	北汽	161576	战旗皮卡	国产
1223	北汽	161783	勇士皮卡	国产
1224	保时捷	2700	保时捷911	合资
1224	保时捷	2701	保时捷Boxster	合资
1224	保时捷	2703	保时捷Cayman	合资
1224	保时捷	5593	保时捷Carrera GT	合资
1224	保时捷	5594	保时捷Panamera	合资
1224	保时捷	16866	保时捷918	合资
1224	保时捷	16869	保时捷Macan	合资
1224	保时捷	105668	保时捷968	合资
1224	保时捷	105676	保时捷Cayenne	合资
1224	保时捷	161082	保时捷718	合资
1224	保时捷	161495	保时捷Panamera新能源	合资
1225	奔腾	2716	奔腾B50	国产
1225	奔腾	2717	奔腾B70	国产
1225	奔腾	22437	奔腾B90	国产
1225	奔腾	22438	奔腾X80	国产
1225	奔腾	160887	奔腾B30	国产
1225	奔腾	161391	奔腾X40	国产
1226	标致	2724	标致206 CC	合资
1226	标致	2725	标致207 CC	合资
1226	标致	2726	标致307 CC	合资
1226	标致	2728	标致406	合资
1226	标致	2729	标致407	合资
1226	标致	2731	标致607	合资
1226	标致	2732	标致807	合资
1226	标致	2735	标致206	合资
1226	标致	2736	标致207	合资
1226	标致	5402	标致308 CC	合资
1226	标致	5403	标致408	合资
1226	标致	5404	标致308 SW	合资
1226	标致	5405	标致RCZ	合资
1226	标致	5409	标致308	合资
1226	标致	16909	标致107	合资
1226	标致	16913	标致4007	合资
1226	标致	16914	标致4008	合资
1226	标致	16915	标致508	合资
1226	标致	16922	标致505	合资
1226	标致	18383	标致2008	合资
1226	标致	22425	标致301	合资
1226	标致	22427	标致5008	合资
1226	标致	22471	标致3008	合资
1226	标致	105252	标致307	合资
1226	标致	105988	标致1007	合资
1226	标致	105993	标致405	合资
1226	标致	105997	标致806	合资
1226	标致	105998	标致Partner	合资
1226	标致	106633	标致308S	合资
2259	布加迪	5633	威航	合资
2270	北京	105006	北京汽车E系列	国产
2270	北京	105727	北京BJ40	国产
2270	北京	160945	北京BJ20	国产
2270	北京	161083	北京BJ80	国产
2272	宝骏	5631	宝骏630	国产
2272	宝骏	22608	乐驰	国产
2272	宝骏	105873	宝骏610	国产
2272	宝骏	105875	宝骏730	国产
2272	宝骏	160881	宝骏560	国产
2272	宝骏	160909	宝骏330	国产
2272	宝骏	160944	宝骏310	国产
2272	宝骏	161316	宝骏510	国产
2272	宝骏	161625	宝骏310W	国产
2272	宝骏	161631	宝骏E100	国产
2272	宝骏	161746	宝骏530	国产
102721	巴博斯	22609	巴博斯 S级	合资
102721	巴博斯	22610	巴博斯 SLK级	合资
102721	巴博斯	22612	巴博斯 CLS级	合资
102721	巴博斯	105193	巴博斯 M级	合资
102721	巴博斯	105882	巴博斯 E级	合资
102721	巴博斯	105883	巴博斯 GL级	合资
102721	巴博斯	161358	巴博斯 smart fortwo	合资
102721	巴博斯	161594	巴博斯 smart forfour	合资
103774	保斐利	105665	保斐利La Joya	合资
103779	北汽威旺	105128	北汽威旺205	国产
103779	北汽威旺	105129	北汽威旺307	国产
103779	北汽威旺	105130	北汽威旺M20	国产
103779	北汽威旺	105834	北汽威旺306	国产
103779	北汽威旺	105835	北汽威旺T205-D	国产
103779	北汽威旺	106596	北汽007	国产
103779	北汽威旺	160865	北汽威旺M30	国产
103779	北汽威旺	160907	北汽威旺M35	国产
103779	北汽威旺	161085	北汽威旺M50F	国产
103779	北汽威旺	161086	北汽威旺S50	国产
103779	北汽威旺	161667	北汽威旺M60	国产
103779	北汽威旺	161706	北汽威旺206	国产
103780	北汽幻速	105197	北汽幻速S2	国产
103780	北汽幻速	105198	北汽幻速S3	国产
103780	北汽幻速	105884	北汽幻速H2	国产
103780	北汽幻速	160871	北汽幻速H3	国产
103780	北汽幻速	160890	北汽幻速S6	国产
103780	北汽幻速	161084	北汽幻速H6	国产
103780	北汽幻速	161300	北汽幻速H2V	国产
103780	北汽幻速	161301	北汽幻速H3F	国产
103780	北汽幻速	161302	北汽幻速S3L	国产
103780	北汽幻速	161390	北汽幻速S5	国产
103780	北汽幻速	161716	北汽幻速S7	国产
103780	北汽幻速	161756	北汽幻速H5	国产
103783	北汽绅宝	105320	绅宝D50	国产
103783	北汽绅宝	105321	绅宝	国产
103783	北汽绅宝	106169	绅宝D20	国产
103783	北汽绅宝	106171	绅宝D60	国产
103783	北汽绅宝	106598	绅宝X65	国产
103783	北汽绅宝	106624	绅宝D80	国产
103783	北汽绅宝	106625	绅宝CC	国产
103783	北汽绅宝	160914	绅宝X25	国产
103783	北汽绅宝	160915	绅宝X55	国产
103783	北汽绅宝	160923	绅宝X35	国产
103783	北汽绅宝	161133	绅宝D70	国产
103798	宝沃汽车	160951	宝沃BX7	国产
103798	宝沃汽车	161396	宝沃BX5	合资
103807	比速汽车	161234	比速M3	国产
103807	比速汽车	161235	比速T3	国产
103807	比速汽车	161536	比速T5	国产
103826	北汽新能源	105728	北汽新能源ES210	国产
103826	北汽新能源	160892	EU系列	国产
103826	北汽新能源	160960	EV系列	国产
103826	北汽新能源	161169	EX系列	国产
103826	北汽新能源	161303	EC系列	国产
103826	北汽新能源	161528	EH系列	国产
103852	北汽道达	161748	道达V8	国产
1227	长安	2740	奔奔	国产
1227	长安	2748	杰勋	国产
1227	长安	2750	志翔	国产
1227	长安	5436	奔奔mini	国产
1227	长安	5439	长安CX20	国产
1227	长安	16939	奔奔LOVE	国产
1227	长安	16941	长安CS35	国产
1227	长安	16942	逸动	国产
1227	长安	16943	悦翔V3	国产
1227	长安	16944	悦翔V5	国产
1227	长安	18384	睿骋	国产
1227	长安	22410	奔奔i	国产
1227	长安	22473	致尚XT	国产
1227	长安	22571	长安CS75	国产
1227	长安	104170	悦翔V7	国产
1227	长安	105418	长安CX30	国产
1227	长安	105420	悦翔	国产
1227	长安	160939	长安CS15	国产
1227	长安	161397	长安CS95	国产
1227	长安	161543	凌轩	国产
1227	长安	161637	长安CS55	国产
1227	长安	161694	长安CS15EV	国产
1227	长安	161729	睿骋CC	国产
1227	长安	161734	逸动DT	国产
1228	长城	2753	长城精灵	国产
1228	长城	2756	哈弗派	国产
1228	长城	2757	金迪尔	国产
1228	长城	2758	嘉誉	国产
1228	长城	2759	酷熊	国产
1228	长城	2760	赛弗	国产
1228	长城	2761	赛骏	国产
1228	长城	2762	赛酷	国产
1228	长城	2763	赛铃	国产
1228	长城	2764	赛影	国产
1228	长城	2765	炫丽	国产
1228	长城	2766	大脚兽	国产
1228	长城	5444	长城V80	国产
1228	长城	5445	长城M1	国产
1228	长城	5446	凌傲	国产
1228	长城	5447	长城M2	国产
1228	长城	5448	长城C30	国产
1228	长城	5452	长城C50	国产
1228	长城	5455	风骏5	国产
1228	长城	5457	长城C20R	国产
1228	长城	16956	风骏3	国产
1228	长城	104172	风骏6	国产
1228	长城	105416	赛弗F1	国产
1228	长城	106294	长城M4	国产
1228	长城	106295	哈弗	国产
1228	长城	106296	哈弗B3	国产
1228	长城	106297	风骏房车	国产
1228	长城	161577	长城C30新能源	国产
1228	长城	161707	长城轻型客车	国产
1229	昌河	2771	福瑞达	国产
1229	昌河	2772	海象	国产
1229	昌河	2773	爱迪尔	国产
1229	昌河	2774	骏马	国产
1229	昌河	2775	海豚	国产
1229	昌河	5458	福运	国产
1229	昌河	104173	福瑞达M50	国产
1229	昌河	105959	昌河面包	国产
1229	昌河	160910	昌河Q25	国产
1229	昌河	161087	昌河Q35	国产
1229	昌河	161232	昌河M50	国产
1229	昌河	161233	海马@3	国产
1229	昌河	161319	昌河M70	国产
1229	昌河	161320	福瑞达K22	国产
1229	昌河	161560	福瑞达K21	国产
1229	昌河	161630	北斗星X5E	国产
1229	昌河	161736	昌河Q7	国产
1229	昌河	161743	北汽昌河A6	国产
2266	川汽野马	5634	野马F99	国产
2266	川汽野马	17333	野马F10	国产
2266	川汽野马	17334	野马F12	国产
2266	川汽野马	104245	野马F16	国产
2266	川汽野马	104246	野马T70	国产
2266	川汽野马	161508	野马T70新能源	国产
2266	川汽野马	161524	野马T80	国产
2266	川汽野马	161640	野马EC30	国产
2266	川汽野马	161641	野马U能E350	国产
2266	川汽野马	161749	斯派卡	国产
103772	传祺	104951	传祺GA3	国产
103772	传祺	104952	传祺GA3S视界	国产
103772	传祺	104953	传祺GA5	国产
103772	传祺	104955	传祺GS5	国产
103772	传祺	104957	传祺	国产
103772	传祺	105647	传祺GA6	国产
103772	传祺	106615	传祺GS4	国产
103772	传祺	161088	传祺GA8	国产
103772	传祺	161089	传祺GS8	国产
103772	传祺	161317	传祺GS5 Super	国产
103772	传祺	161540	传祺GA3S新能源	国产
103772	传祺	161595	传祺GS4新能源	国产
103772	传祺	161627	传祺GE3	国产
103772	传祺	161654	传祺GS7	国产
103772	传祺	161655	传祺GS3	国产
103772	传祺	161738	传祺GA4	国产
103772	传祺	161774	传祺GM8	国产
103787	长安商用	105422	长安商用V5	国产
103787	长安商用	105423	长安星光4500	国产
103787	长安商用	105424	欧力威	国产
103787	长安商用	105425	欧诺	国产
103787	长安商用	105427	神骐	国产
103787	长安商用	105428	都市彩虹	国产
103787	长安商用	105429	金牛星	国产
103787	长安商用	105430	长安之星	国产
103787	长安商用	105431	长安之星2	国产
103787	长安商用	105432	长安之星7	国产
103787	长安商用	105433	长安之星S460	国产
103787	长安商用	105435	长安星卡	国产
103787	长安商用	106298	长安CM8	国产
103787	长安商用	106299	尊行	国产
103787	长安商用	106300	长安星光	国产
103787	长安商用	106301	星韵	国产
103787	长安商用	106302	欧雅	国产
103787	长安商用	106303	睿行	国产
103787	长安商用	106304	绿色新星	国产
103787	长安商用	106305	运动星	国产
103787	长安商用	106306	运通	国产
103787	长安商用	106307	镭蒙	国产
103787	长安商用	106308	长安之星9	国产
103787	长安商用	106309	雪虎	国产
103787	长安商用	106595	长安之星3	国产
103787	长安商用	160919	欧尚	国产
103787	长安商用	161147	长安CX70	国产
103787	长安商用	161148	长安V3	国产
103787	长安商用	161180	神骐T20	国产
103787	长安商用	161246	睿行S50	国产
103787	长安商用	161331	新豹MINI	国产
103787	长安商用	161332	睿行M80	国产
103787	长安商用	161333	睿行M90	国产
103787	长安商用	161334	神骐F30	国产
103787	长安商用	161335	神骐F50	国产
103787	长安商用	161398	跨越王	国产
103787	长安商用	161485	长安之星5	国产
103787	长安商用	161514	勋龙	国产
103787	长安商用	161516	长安客车	国产
103787	长安商用	161535	睿行M70	国产
103787	长安商用	161720	睿行S50T	国产
103799	成功汽车	160952	成功V1	国产
103799	成功汽车	160953	成功V2	国产
103799	成功汽车	160954	成功X1	国产
103799	成功汽车	161553	成功K1	国产
103799	成功汽车	161558	成功K2	国产
103799	成功汽车	161662	成功V2E	国产
103812	长安跨越	161373	新豹	国产
103812	长安跨越	161374	跨越王	国产
103812	长安跨越	161375	长安跨越MINI	国产
103812	长安跨越	161376	勋龙	国产
103840	长安欧尚	161623	奔奔mini-e	国产
103840	长安欧尚	161632	欧尚A800	国产
103840	长安欧尚	161636	欧力威EV	国产
103840	长安欧尚	161739	欧尚X70A	国产
1207	大众	8	捷达	合资
1207	大众	14	桑塔纳	合资
1207	大众	2810	大众CC	合资
1207	大众	2811	大众Eos	合资
1207	大众	2813	辉腾	合资
1207	大众	2814	甲壳虫	合资
1207	大众	2815	迈腾	合资
1207	大众	2817	帕萨特	合资
1207	大众	2818	途欢	
1207	大众	2819	途锐	合资
1207	大众	2822	宝来	合资
1207	大众	2825	朗逸	合资
1207	大众	2832	高尔夫	合资
1207	大众	2833	速腾	合资
1207	大众	5470	尚酷	合资
1207	大众	5473	途观	合资
1207	大众	16974	大众Fox	合资
1207	大众	16977	高尔	合资
1207	大众	16984	途安	合资
1207	大众	16985	夏朗	合资
1207	大众	16989	大众POLO	合资
1207	大众	22386	朗境	合资
1207	大众	22387	朗行	合资
1207	大众	22391	迈特威	合资
1207	大众	22392	开迪	合资
1207	大众	22558	凯路威	合资
1207	大众	104175	凌渡	合资
1207	大众	105060	大众R36	合资
1207	大众	105767	卡罗瓦雷	合资
1207	大众	105793	大众up!	合资
1207	大众	161100	辉昂	合资
1207	大众	161138	蔚揽(进口)	合资
1207	大众	161240	蔚领	合资
1207	大众	161310	途观L	合资
1207	大众	161311	高尔夫·嘉旅	合资
1207	大众	161348	桑塔纳经典	合资
1207	大众	161349	桑塔纳志俊	合资
1207	大众	161350	Passat领驭	合资
1207	大众	161395	途昂	合资
1207	大众	161580	桑塔纳3000	国产
1207	大众	161750	高尔夫新能源	合资
1230	东风	2776	小王子	国产
1230	东风	17001	御风	国产
1230	东风	17003	猛士	国产
1230	东风	104933	俊风	国产
1230	东风	104934	奥丁	国产
1230	东风	104935	帅客	国产
1230	东风	104936	御轩	国产
1230	东风	104937	锐骐多功能车	国产
1230	东风	104938	锐骐皮卡	国产
1230	东风	105599	东风轿跑车	国产
1230	东风	105600	俊风CV03	国产
1230	东风	105601	途逸	国产
1230	东风	105602	风神水星	国产
1230	东风	161344	御风EV	国产
1230	东风	161489	虎视	国产
1230	东风	161575	东风皮卡	国产
1230	东风	161648	御风P16	国产
1230	东风	161675	御风S16	国产
1231	大迪	2779	霸道	国产
1231	大迪	2780	都市骏马SUV	国产
1231	大迪	2781	都市威菱SUV	国产
1231	大迪	2782	奥顺皮卡	
1231	大迪	2783	大迪皮卡	
1231	大迪	2784	福顺皮卡	
1231	大迪	2785	豪顺皮卡	
1231	大迪	2786	顺驰皮卡	国产
1232	大宇	2788	典雅	合资
1232	大宇	2789	贵族	合资
1232	大宇	2790	蓝龙	合资
1232	大宇	2791	蓝天	合资
1232	大宇	2792	旅行家	合资
1232	大宇	105796	马蒂兹	合资
1233	大发	2795	森雅	国产
1234	东南	2797	富利卡	国产
1234	东南	2798	菱利	国产
1234	东南	2799	菱帅	国产
1234	东南	2800	V3菱悦	国产
1234	东南	5482	希旺	国产
1234	东南	17005	菱动	国产
1234	东南	22545	V6菱仕	国产
1234	东南	22547	V5菱致	国产
1234	东南	105598	得利卡	国产
1234	东南	160880	东南DX7	国产
1234	东南	161093	东南DX3	国产
1234	东南	161735	东南DX3新能源	国产
1235	道奇	2801	锋哲	合资
1235	道奇	2802	公羊	合资
1235	道奇	2804	酷搏	合资
1235	道奇	2805	凯领	合资
1235	道奇	2806	拓远者	合资
1235	道奇	2807	翼龙	合资
1235	道奇	2808	酷威	合资
1235	道奇	106247	挑战者	合资
1235	道奇	106248	道奇Charger	合资
1235	道奇	106249	道奇Dakota	合资
1235	道奇	106253	无畏	合资
1235	道奇	106254	道奇Magnum	合资
1235	道奇	106256	霓虹	合资
1235	道奇	106257	隐形	合资
1235	道奇	106258	层云	合资
1235	道奇	106260	蝰蛇 RT/10	合资
1235	道奇	106262	蝰蛇 SRT-10	合资
1235	道奇	161586	蝰蛇	合资
1239	东风风行	2890	景逸	国产
1239	东风风行	2891	菱智	国产
1239	东风风行	105505	风行CM7	国产
1239	东风风行	105508	景逸SUV	国产
1239	东风风行	105510	景逸X5	国产
1239	东风风行	105522	菱通	国产
1239	东风风行	106406	景逸S50	国产
1239	东风风行	106407	景逸X3	国产
1239	东风风行	106408	菱越	国产
1239	东风风行	106409	风行	国产
1239	东风风行	106634	景逸XV	国产
1239	东风风行	160896	风行S500	国产
1239	东风风行	160927	风行F600	国产
1239	东风风行	160936	风行SX6	国产
1239	东风风行	161646	景逸X6	国产
1239	东风风行	161713	景逸S50EV	国产
1239	东风风行	161719	菱智M5EV	国产
2262	东风风神	5639	东风风神S30	国产
2262	东风风神	5640	东风风神H30	国产
2262	东风风神	5642	东风风神A60	国产
2262	东风风神	105504	东风风神A30	国产
2262	东风风神	106404	东风风神AX7	国产
2262	东风风神	106613	东风风神L60	国产
2262	东风风神	160921	东风风神AX3	国产
2262	东风风神	161090	东风A9	国产
2262	东风风神	161092	东风风神E30	国产
2262	东风风神	161242	东风风神AX5	国产
2262	东风风神	161663	东风风神AX4	国产
2262	东风风神	161685	东风风神E70	国产
102712	东风小康	22484	风光	国产
102712	东风小康	104931	东风风光330	国产
102712	东风小康	104932	东风风光350	国产
102712	东风小康	105603	东风风光360	国产
102712	东风小康	161153	东风小康C35	国产
102712	东风小康	161154	东风小康C36	国产
102712	东风小康	161155	东风小康C37	国产
102712	东风小康	161156	东风小康V07S	国产
102712	东风小康	161157	东风小康V29	国产
102712	东风小康	161158	东风小康C31	国产
102712	东风小康	161159	东风小康C32	国产
102712	东风小康	161160	东风小康V21	国产
102712	东风小康	161161	东风小康V22	国产
102712	东风小康	161162	东风小康V27	国产
102712	东风小康	161181	东风风光580	国产
102712	东风小康	161272	东风小康K02	国产
102712	东风小康	161273	东风小康K01	国产
102712	东风小康	161274	东风小康K07	国产
102712	东风小康	161275	东风小康K06	国产
102712	东风小康	161276	东风小康K17	国产
102712	东风小康	161277	东风小康K07 II	国产
102712	东风小康	161278	东风小康K07S	国产
102712	东风小康	161279	东风小康K05	国产
102712	东风小康	161292	东风风光370	国产
102712	东风小康	161343	东风小康K05S	国产
102712	东风小康	161510	东风小康V26	国产
102712	东风小康	161545	东风小康EC36	国产
102712	东风小康	161699	东风风光S560	国产
103765	DS	104866	DS 5LS	合资
103765	DS	104867	DS 4	合资
103765	DS	104868	DS 5	合资
103765	DS	105536	DS 3	合资
103765	DS	105538	DS 6	合资
103765	DS	161066	DS 4S	合资
103765	DS	161755	DS 7	合资
103769	东风风度	106614	风度MX6	国产
103769	东风风度	161091	东风风度MX5	国产
103769	东风风度	161295	东风风度MX6	国产
103813	缔途	161377	缔途GX	国产
103813	缔途	161378	缔途DX	国产
103847	电咖汽车	161725	电咖·EV10	国产
103853	东风瑞泰特	161773	东风瑞泰特	国产
1195	丰田	2850	汉兰达	合资
1195	丰田	2852	红杉	合资
1195	丰田	2858	普瑞维亚	合资
1195	丰田	2860	凯美瑞	合资
1195	丰田	2861	雅力士	合资
1195	丰田	2864	花冠	合资
1195	丰田	2865	卡罗拉	合资
1195	丰田	2868	威驰	合资
1195	丰田	2869	兰德酷路泽	合资
1195	丰田	5620	普拉多	合资
1195	丰田	5621	杰路驰	合资
1195	丰田	5622	埃尔法	合资
1195	丰田	17020	丰田4Runner	合资
1195	丰田	17023	赛利卡	合资
1195	丰田	17025	丰田Aygo	合资
1195	丰田	17027	FJ酷路泽	合资
1195	丰田	17030	丰田HIACE	合资
1195	丰田	17035	光冠	合资
1195	丰田	17037	锐志	合资
1195	丰田	17039	丰田MR2	合资
1195	丰田	17040	普锐斯	合资
1195	丰田	17041	丰田Sienna	合资
1195	丰田	17042	塔库玛	合资
1195	丰田	17043	坦途	合资
1195	丰田	17045	逸致	合资
1195	丰田	17046	小霸王	合资
1195	丰田	17048	亚洲龙	合资
1195	丰田	17049	皇冠	合资
1195	丰田	22342	RAV4	合资
1195	丰田	22457	特锐	合资
1195	丰田	104943	威飒	合资
1195	丰田	105617	丰田86	合资
1195	丰田	105621	世纪	合资
1195	丰田	105622	考斯特	合资
1195	丰田	105627	丰田Echo	合资
1195	丰田	105629	美佳	合资
1195	丰田	105631	丰田Paseo	合资
1195	丰田	105632	速乐娜	合资
1195	丰田	105633	丰田Supra	合资
1195	丰田	105634	丰田T100	合资
1195	丰田	105636	雄鹰	合资
1195	丰田	105638	柯斯达	合资
1195	丰田	105639	雷凌	合资
1195	丰田	160897	丰田Fortuner	合资
1195	丰田	161297	YARiS L 致炫	合资
1195	丰田	161490	威驰FS	合资
1195	丰田	161503	YARiS L 致享	合资
1205	福特	24	福特S-MAX	合资
1205	福特	2874	蒙迪欧	合资
1205	福特	2878	爱虎	合资
1205	福特	2879	福特FLEX	合资
1205	福特	2880	翼虎	合资
1205	福特	5490	麦柯斯	合资
1205	福特	5491	锐界	合资
1205	福特	5492	福克斯	合资
1205	福特	17056	福特C-MAX	合资
1205	福特	17065	福特Fusion	合资
1205	福特	17066	福特Ka	合资
1205	福特	17067	金牛座	合资
1205	福特	17069	雷鸟	合资
1205	福特	17071	天霸	合资
1205	福特	17072	野马	合资
1205	福特	22325	福特GT	合资
1205	福特	22326	探险者	合资
1205	福特	22328	嘉年华	合资
1205	福特	22332	翼搏	合资
1205	福特	104183	福睿斯	合资
1205	福特	105304	福特E Class	合资
1205	福特	105305	猛禽	合资
1205	福特	106114	烈马	合资
1205	福特	106115	福特Crown Victoria	合资
1205	福特	106116	外交官	合资
1205	福特	106122	护卫者	合资
1205	福特	106123	福特Everest	合资
1205	福特	106124	征服者	合资
1205	福特	106125	探索者皮卡	合资
1205	福特	106126	探索者	合资
1205	福特	106128	福特 Focu C-MAX	合资
1205	福特	106133	自由之星	合资
1205	福特	106134	福特Freestyle	合资
1205	福特	106136	福特Galaxy	合资
1205	福特	106146	福特Probe	合资
1205	福特	106148	天蝎座	合资
1205	福特	106154	经典全顺	合资
1205	福特	106155	稳达	合资
1205	福特	106459	福特500	合资
1205	福特	106460	依克诺莱恩	合资
1205	福特	160886	撼路者	合资
1205	福特	160924	途睿欧	合资
1205	福特	161289	全顺	合资
1205	福特	161290	新世代全顺	合资
1205	福特	161324	福特Mustang	合资
1205	福特	161325	福特E350	合资
1205	福特	161326	致胜	合资
1205	福特	161327	蒙迪欧-致胜	合资
1205	福特	161389	福客特逸途	合资
1205	福特	161578	福特E250	合资
1205	福特	161691	福特E450	合资
1205	福特	161784	蒙迪欧新能源	合资
1215	福田	2881	奥铃	国产
1215	福田	2882	传奇X	国产
1215	福田	2889	迷迪	国产
1215	福田	5495	拓陆者	国产
1215	福田	17076	蒙派克	国产
1215	福田	17080	萨普	国产
1215	福田	22319	传奇	国产
1215	福田	105316	拓陆者B系列	国产
1215	福田	106157	传奇C	国产
1215	福田	106158	伽途V3	国产
1215	福田	106159	蒙派克E	国产
1215	福田	106160	蒙派克S	国产
1215	福田	106161	风景	国产
1215	福田	106162	风景G7	国产
1215	福田	106610	萨瓦纳	国产
1215	福田	106611	图雅诺	国产
1215	福田	160864	伽途	国产
1215	福田	161095	风景G9	国产
1215	福田	161229	风景V5	国产
1215	福田	161230	风景V3	国产
1215	福田	161231	伽途ix7	国产
1215	福田	161328	伽途im6	国产
1215	福田	161329	伽途im8	国产
1215	福田	161330	伽途ix5	国产
1215	福田	161708	风景爱尔法	国产
1215	福田	161776	图雅诺EV	国产
1215	福田	161777	伽途GT	国产
1236	福迪	2836	小超人	国产
1236	福迪	5493	飞越	国产
1236	福迪	17052	探索者Ⅲ	国产
1236	福迪	17053	探索者Ⅱ	国产
1236	福迪	17054	探索者6	国产
1236	福迪	22335	雄狮	国产
1236	福迪	104181	揽福	国产
1236	福迪	104182	雄师F16	国产
1236	福迪	106163	探索者I	国产
1236	福迪	106612	雄师F22	国产
1237	法拉利	2842	法拉利456M	合资
1237	法拉利	2845	法拉利599 	合资
1237	法拉利	2846	法拉利612 Scaglietti	合资
1237	法拉利	2847	法拉利F430	合资
1237	法拉利	5485	法拉利458	合资
1237	法拉利	5486	法拉利FF	合资
1237	法拉利	17008	法拉利Enzo	合资
1237	法拉利	17009	法拉利F12 berlinetta	合资
1237	法拉利	18386	法拉利LaFerrari	合资
1237	法拉利	22350	法拉利360	合资
1237	法拉利	105279	法拉利575 M	合资
1237	法拉利	105280	法拉利California T	合资
1237	法拉利	106046	法拉利348	合资
1237	法拉利	106054	法拉利456	合资
1237	法拉利	106058	法拉利512 M	合资
1237	法拉利	106059	法拉利512 TR	合资
1237	法拉利	106060	法拉利550	合资
1237	法拉利	106064	法拉利612 Sessanta	合资
1237	法拉利	106066	法拉利F355 	合资
1237	法拉利	106071	法拉利F50	合资
1237	法拉利	106632	法拉利488	合资
1237	法拉利	160922	法拉利GTC4Lusso	合资
1237	法拉利	161787	法拉利Portofino	合资
1238	富奇	2848	驭虎	国产
1238	富奇	17112	富奇	国产
1240	菲亚特	2892	博悦	合资
1240	菲亚特	2895	领雅	合资
1240	菲亚特	2896	朋多	合资
1240	菲亚特	2897	短剑	合资
1240	菲亚特	2898	派力奥	合资
1240	菲亚特	2899	西耶那	合资
1240	菲亚特	2900	派朗	合资
1240	菲亚特	2901	周末风	合资
1240	菲亚特	5487	菲亚特500	合资
1240	菲亚特	5488	菲跃	合资
1240	菲亚特	17011	克罗玛	合资
1240	菲亚特	17014	熊猫	合资
1240	菲亚特	17015	菲亚特Fiorino Qubo	合资
1240	菲亚特	17016	菲亚特Fiat Coupe	合资
1240	菲亚特	17017	菲亚特Sedici	合资
1240	菲亚特	17019	菲翔	合资
1240	菲亚特	22542	致悦	合资
1240	菲亚特	105369	菲亚特500C	合资
1240	菲亚特	106187	菲亚特500 Abarth	合资
1240	菲亚特	106188	菲亚特Albea	合资
1240	菲亚特	106189	小帆船	合资
1240	菲亚特	106191	多宝	合资
1240	菲亚特	106193	菲亚特Idea	合资
1240	菲亚特	106194	马力昂 旅行车	合资
1240	菲亚特	106195	马力昂	合资
1240	菲亚特	106196	多能	合资
1240	菲亚特	106200	时尚 旅行版	合资
1240	菲亚特	106201	时尚	合资
1240	菲亚特	106203	飞鹰 旅行车	合资
1240	菲亚特	106204	飞鹰	合资
102709	福汽启腾	22336	启腾M70	国产
102709	福汽启腾	160867	启腾EX80	国产
102709	福汽启腾	161248	启腾V60	国产
102709	福汽启腾	161661	启腾M70EV	国产
1241	光冈	17083	大蛇	合资
1241	光冈	17085	嘉路	合资
1241	光冈	17086	女王	合资
1242	GMC	17082	GMC SAVANA	合资
1242	GMC	22483	GMC Terrain	合资
1242	GMC	104870	GMC SIERRA	合资
1242	GMC	105539	GMC ACADIA	合资
1242	GMC	105540	GMC CANYON	合资
1242	GMC	105541	GMC ENVOY	合资
1242	GMC	105542	GMC Jimmy	合资
1242	GMC	105543	GMC SAFARI	合资
1242	GMC	105549	育空河	合资
1260	广汽吉奥	2967	奥轩GX5	国产
1260	广汽吉奥	2971	帅舰	国产
1260	广汽吉奥	5535	帅凌	国产
1260	广汽吉奥	5536	帅威	国产
1260	广汽吉奥	5539	凯睿	国产
1260	广汽吉奥	5540	奥轩G3	国产
1260	广汽吉奥	5541	帅豹	国产
1260	广汽吉奥	5542	星旺	国产
1260	广汽吉奥	5543	奥轩G5	国产
1260	广汽吉奥	5544	星旺L	国产
1260	广汽吉奥	17090	凯旋SUV	国产
1260	广汽吉奥	17092	帅驰	国产
1260	广汽吉奥	22305	星旺CL	国产
1260	广汽吉奥	22306	星旺M1	国产
1260	广汽吉奥	22307	星旺M2	国产
1260	广汽吉奥	22308	广汽吉奥GX6	国产
1260	广汽吉奥	22309	财运100	国产
1260	广汽吉奥	22464	吉奥GS50	国产
1260	广汽吉奥	22480	星朗	国产
1260	广汽吉奥	22534	财运500	国产
1260	广汽吉奥	22535	财运300	国产
1260	广汽吉奥	105026	吉奥E美	国产
1260	广汽吉奥	105027	广汽吉奥GP150	国产
1260	广汽吉奥	105751	吉奥伊美	国产
102708	观致	22304	观致3	合资
102708	观致	160917	观致5	合资
103850	国金汽车	161726	国金GM3	国产
1247	黑豹	2911	黑豹	国产
1247	黑豹	106434	旅行家	国产
1248	哈飞	2913	路宝	国产
1248	哈飞	2916	民意	国产
1248	哈飞	2921	赛马	国产
1248	哈飞	2923	中意	国产
1248	哈飞	2924	百利	国产
1248	哈飞	2926	松花江	国产
1248	哈飞	17096	骏意	国产
1248	哈飞	105033	中意V5	国产
1248	哈飞	105034	赛豹V	国产
1248	哈飞	105035	赛豹III	国产
1248	哈飞	105036	赛马新世代	国产
1248	哈飞	105037	路宝灵动	国产
1248	哈飞	105038	路宝节油π	国产
1248	哈飞	105039	路尊大霸王	国产
1248	哈飞	105040	路尊小霸王	国产
1248	哈飞	105755	中意B	国产
1248	哈飞	161555	民意微卡	国产
1252	海马	2931	欢动	国产
1252	海马	2932	海福星	国产
1252	海马	2933	海马3	国产
1252	海马	2935	海马旅行车	国产
1252	海马	2936	海马323	国产
1252	海马	5497	丘比特	国产
1252	海马	5498	海马骑士	国产
1252	海马	5499	海马王子	国产
1252	海马	17097	普力马	国产
1252	海马	17098	福仕达	国产
1252	海马	17099	海马爱尚	国产
1252	海马	22295	海马M8	国产
1252	海马	22296	海马S5	国产
1252	海马	22297	海马S7	国产
1252	海马	22299	海马M3	国产
1252	海马	105285	福美来	国产
1252	海马	106609	海马M6	国产
1252	海马	160947	福美来MPV	国产
1252	海马	161099	海马V70	国产
1252	海马	161237	福仕达荣达	国产
1252	海马	161238	福仕达鸿达	国产
1252	海马	161239	海马@3	国产
1252	海马	161506	海马S5 Young	国产
1252	海马	161554	福仕达福卡	国产
1252	海马	161556	福仕达腾达	国产
1252	海马	161571	海马爱尚EV	国产
1252	海马	161650	海马S5青春版	国产
1252	海马	161674	福美来F7	国产
1253	悍马	2941	悍马H2	合资
1253	悍马	2942	悍马H3	合资
1253	悍马	2943	悍马加长版	合资
1253	悍马	5506	悍马H1	合资
1254	华普	2944	海锋	国产
1254	华普	2945	海尚	国产
1254	华普	2948	海悦	国产
1254	华普	2949	飙风	国产
1254	华普	2951	杰士达美鹿	国产
1254	华普	2952	朗风	国产
1254	华普	22501	华普海景	国产
1254	华普	105011	海域	国产
1254	华普	105014	海迅	国产
1254	华普	105743	飓风	国产
1254	华普	161591	海炫	国产
1255	红旗	2954	红旗盛世	国产
1255	红旗	2955	新明仕	国产
1255	红旗	2956	世纪星	国产
1255	红旗	2957	红旗旗舰	国产
1255	红旗	2958	红旗	国产
1255	红旗	22286	红旗H7	国产
1255	红旗	104192	红旗L5	国产
1255	红旗	106165	红旗HQ3	国产
1255	红旗	161775	红旗H5	国产
1256	华泰	2959	圣达菲	国产
1256	华泰	2960	特拉卡	国产
1256	华泰	2961	吉田	国产
1256	华泰	5514	华泰B11	国产
1256	华泰	5515	宝利格	国产
1256	华泰	17110	圣达菲C9	国产
1256	华泰	22494	路盛E70	国产
1256	华泰	161116	路盛E80	国产
1256	华泰	161134	圣达菲经典	国产
1256	华泰	161634	华泰EV160R	国产
1256	华泰	161651	圣达菲5	国产
1256	华泰	161711	圣达菲7	国产
1259	汇众	106017	伊思坦纳	国产
1259	汇众	106018	德驰	国产
1316	华北	3378	超赛	国产
1316	华北	3380	腾狮	国产
1316	华北	3381	醒狮	国产
102471	黄海	17104	傲骏	国产
102471	黄海	17105	傲龙CUV	国产
102471	黄海	17106	小柴神	国产
102471	黄海	17107	旗胜CUV	国产
102471	黄海	104193	黄海N1	国产
102471	黄海	105530	大柴神	国产
102471	黄海	105531	挑战者SUV	国产
102471	黄海	105532	旗胜V3	国产
102471	黄海	105533	翱龙CUV	国产
102471	黄海	105534	领航者	国产
102471	黄海	106433	翱龙SUV	国产
102471	黄海	160882	旗胜	国产
102471	黄海	160935	瑞途	国产
102471	黄海	161123	旗胜F1	国产
102471	黄海	161174	黄海N2	国产
102471	黄海	161622	黄海N3	国产
102707	恒天	22290	途腾T1	国产
102707	恒天	22291	途腾T2	国产
102707	恒天	22292	途腾T3	国产
103777	华阳	105745	五菱	国产
103778	哈弗	16957	哈弗H3	国产
103778	哈弗	105028	哈弗H1	国产
103778	哈弗	105029	哈弗H2	国产
103778	哈弗	105030	哈弗H5	国产
103778	哈弗	105031	哈弗H6	国产
103778	哈弗	105032	哈弗H8	国产
103778	哈弗	105754	哈弗H9	国产
103778	哈弗	160938	哈弗H7	国产
103778	哈弗	161247	哈弗H2s	国产
103778	哈弗	161309	哈弗H6 Coupe	国产
103778	哈弗	161629	哈弗M6	国产
103778	哈弗	161733	哈弗H4	国产
103782	海格	105283	御骏	国产
103782	海格	105284	龙威	国产
103782	海格	106074	海格H5C	国产
103782	海格	106075	海格H5V	国产
103782	海格	106076	海格H6C	国产
103782	海格	106077	海格H6V	国产
103782	海格	106078	海格H7V	国产
103782	海格	106079	大海狮	国产
103782	海格	161098	海格H4E	国产
103782	海格	161617	梦之旅房车	国产
103795	华颂	106623	华颂7	国产
103797	汉腾	160948	汉腾X7	国产
103797	汉腾	161715	汉腾X7新能源	国产
103797	汉腾	161721	汉腾X5	国产
103808	华凯	161255	华凯皮卡	国产
103823	华泰新能源	160902	华泰iEV230	国产
103823	华泰新能源	160932	华泰XEV260	国产
103823	华泰新能源	161572	华泰EV160B	国产
103842	华晨鑫源	161679	鑫源T20EV	国产
103842	华晨鑫源	161680	鑫源X30LEV	国产
103842	华晨鑫源	161681	好运1号	国产
103842	华晨鑫源	161782	鑫源X30L	国产
1200	吉利	2992	豪情	国产
1200	吉利	2995	美人豹	国产
1200	吉利	2996	美日之星	国产
1200	吉利	2999	优利欧	国产
1200	吉利	5687	金刚	合资
1200	吉利	5688	金鹰	合资
1200	吉利	5689	英伦TX4	合资
1200	吉利	5690	金刚2代	合资
1200	吉利	5691	英伦SC7	合资
1200	吉利	5693	吉利SC5-RV	合资
1200	吉利	17432	英伦SC6	合资
1200	吉利	22260	吉利SX7	合资
1200	吉利	104202	豪情SUV	国产
1200	吉利	104206	吉利GX7	国产
1200	吉利	104207	海景	国产
1200	吉利	104211	吉利SC3	国产
1200	吉利	104217	远景	国产
1200	吉利	104218	自由舰	国产
1200	吉利	104221	美日	国产
1200	吉利	104981	吉利GC7	国产
1200	吉利	104982	吉利GX2	国产
1200	吉利	104983	熊猫	国产
1200	吉利	105695	中国龙	国产
1200	吉利	105748	美日之风	国产
1200	吉利	105749	豪情 SRV	国产
1200	吉利	105750	金刚财富	国产
1200	吉利	106608	博瑞	国产
1200	吉利	160875	帝豪	国产
1200	吉利	160903	博越	国产
1200	吉利	161141	英伦C5	国产
1200	吉利	161144	远景SUV	国产
1200	吉利	161305	吉利EC8	国产
1200	吉利	161306	帝豪GL	国产
1200	吉利	161307	帝豪GS	国产
1200	吉利	161366	经典帝豪	国产
1200	吉利	161501	帝豪EV	国产
1200	吉利	161547	远景X1	国产
1200	吉利	161652	远景X3	国产
1200	吉利	161688	帝豪新能源	国产
1200	吉利	161712	远景S1	国产
1216	Jeep	31	切诺基	合资
1216	Jeep	3010	牧马人	合资
1216	Jeep	3011	指挥官	合资
1216	Jeep	3012	指南者	合资
1216	Jeep	3013	自由人	合资
1216	Jeep	3015	大切诺基	合资
1216	Jeep	17117	Jeep2500	合资
1216	Jeep	17118	Jeep2700	合资
1216	Jeep	17121	自由客	合资
1216	Jeep	22530	自由光	合资
1216	Jeep	105553	超级切诺基	合资
1216	Jeep	105554	城市猎人	合资
1216	Jeep	160926	自由侠	国产
1216	Jeep	161351	大切诺基 SRT	合资
1216	Jeep	161788	大指挥官	合资
1261	金杯	2976	雷龙	国产
1261	金杯	5511	金杯S50	国产
1261	金杯	17129	霸道	国产
1261	金杯	17131	海狮超级导航者	国产
1261	金杯	17132	阁瑞斯	国产
1261	金杯	17133	海狮都市精英	国产
1261	金杯	17135	海星	国产
1261	金杯	17136	海狮	国产
1261	金杯	17138	海狮优越者	国产
1261	金杯	17139	智尚S30	国产
1261	金杯	22257	小海狮X30	国产
1261	金杯	22258	海星T20	国产
1261	金杯	22259	海星T22	国产
1261	金杯	22527	大力神	国产
1261	金杯	105402	大力神D22	国产
1261	金杯	105403	大力神D25	国产
1261	金杯	105404	海星A7	国产
1261	金杯	105405	海星A9	国产
1261	金杯	105406	金典009	国产
1261	金杯	106263	金杯T30	国产
1261	金杯	106264	金杯T32	国产
1261	金杯	106265	大海狮L	国产
1261	金杯	106266	大海狮W	国产
1261	金杯	106268	海狮勤务兵	国产
1261	金杯	106270	海狮超级领航者	国产
1261	金杯	106271	海狮超越者	国产
1261	金杯	106273	海狮领航者	国产
1261	金杯	106274	金典007	国产
1261	金杯	106275	锐驰	国产
1261	金杯	106276	霸道009	国产
1261	金杯	106630	金杯750	国产
1261	金杯	160893	智尚S35	国产
1261	金杯	161227	金杯大海狮	国产
1261	金杯	161228	金杯快运	国产
1261	金杯	161254	金典	国产
1261	金杯	161345	蒂阿兹	国产
1261	金杯	161357	海狮X30L	国产
1261	金杯	161359	大力神K5	国产
1261	金杯	161360	佳宝T51	国产
1261	金杯	161361	佳宝T57	国产
1261	金杯	161362	佳宝T50	国产
1261	金杯	161408	西部牛仔	国产
1261	金杯	161500	金杯T52	国产
1261	金杯	161533	金杯F50	国产
1261	金杯	161557	小金牛	国产
1261	金杯	161570	金杯T50	国产
1262	捷豹	2979	捷豹S-Type	合资
1262	捷豹	2980	捷豹XF	合资
1262	捷豹	2981	捷豹XJ	合资
1262	捷豹	2982	捷豹XK	合资
1262	捷豹	17128	捷豹X-Type	合资
1262	捷豹	18388	捷豹F-TYPE	合资
1262	捷豹	106603	捷豹XE	合资
1262	捷豹	161102	捷豹F-PACE	合资
1262	捷豹	161103	捷豹XFL	合资
1262	捷豹	161723	捷豹XEL	合资
1262	捷豹	161771	捷豹I-PACE	合资
1263	金程	106277	赛风	国产
1263	金程	106278	金程之星	国产
1264	江淮	2987	宾悦	国产
1264	江淮	2989	瑞鹰	国产
1264	江淮	2990	同悦RS	国产
1264	江淮	5525	和悦RS	国产
1264	江淮	5526	悦悦	国产
1264	江淮	5528	瑞驰II	国产
1264	江淮	17123	同悦	国产
1264	江淮	22275	瑞风S5	国产
1264	江淮	22279	和悦A13 RS	国产
1264	江淮	22281	和悦A30	国产
1264	江淮	22282	和悦A13	国产
1264	江淮	22529	瑞风M5	国产
1264	江淮	103963	瑞风S3	国产
1264	江淮	103965	瑞风	国产
1264	江淮	103966	和悦	国产
1264	江淮	106023	星锐	国产
1264	江淮	106027	瑞铃	国产
1264	江淮	106028	瑞风I	国产
1264	江淮	106029	瑞风II	国产
1264	江淮	106033	瑞驰K3	国产
1264	江淮	106034	瑞驰K5	国产
1264	江淮	106605	瑞风M3	国产
1264	江淮	106607	帅铃	国产
1264	江淮	160870	江淮iEV	国产
1264	江淮	161112	凌铃	国产
1264	江淮	161129	瑞风M2	国产
1264	江淮	161130	瑞风M4	国产
1264	江淮	161149	征途	国产
1264	江淮	161251	瑞风A60	国产
1264	江淮	161283	帅铃T6	国产
1264	江淮	161321	瑞风S2	国产
1264	江淮	161322	瑞风S2mini	国产
1264	江淮	161365	江淮iEV6S	国产
1264	江淮	161386	康铃X	国产
1264	江淮	161534	瑞风S7	国产
1264	江淮	161690	和悦A20	国产
1264	江淮	161717	瑞风M6	国产
1264	江淮	161722	江淮iEV7S	国产
1264	江淮	161741	江淮V7	国产
1264	江淮	161770	瑞风R3	国产
1265	江铃	3001	宝典	国产
1265	江铃	3002	宝威	国产
1265	江铃	5534	驭胜	国产
1265	江铃	22271	域虎	国产
1265	江铃	105272	驭胜S350	国产
1265	江铃	106035	江铃轻卡	国产
1265	江铃	160950	驭胜S330	国产
1265	江铃	161481	考斯特	国产
1265	江铃	161504	特顺	合资
2265	九龙	105640	九龙天马	国产
2265	九龙	161079	艾菲	国产
2265	九龙	161105	九龙A4	国产
2265	九龙	161106	九龙A5	国产
2265	九龙	161367	九龙A6	国产
2265	九龙	161368	大MPV	国产
2265	九龙	161573	考斯特	国产
102711	解放	106214	陆豹	国产
103773	佳星	105648	幸福使者	国产
103781	江南	106019	传奇	国产
103781	江南	106020	奥拓	国产
103781	江南	106021	精灵	国产
103781	江南	106022	风光	国产
103804	金旅	161060	大海师G6	国产
103804	金旅	161061	金旅海狮	国产
103804	金旅	161511	锐度V3	国产
103804	金旅	161552	大海师X5	国产
103804	金旅	161696	金旅海狮新能源	国产
103805	金龙	161062	金威	国产
103805	金龙	161176	凯歌	国产
103805	金龙	161177	凯特	国产
103824	江铃集团轻汽	106036	骐铃T5	国产
103824	江铃集团轻汽	160878	骐铃	国产
103824	江铃集团轻汽	161178	骐铃T3	国产
103824	江铃集团轻汽	161282	骐铃T7	国产
103824	江铃集团轻汽	161626	骐铃T100	国产
103825	江铃集团新能源	161101	江铃E100	国产
103825	江铃集团新能源	161512	江铃E160	国产
103825	江铃集团新能源	161513	江铃E200	国产
103825	江铃集团新能源	161529	江淮iEV6E	国产
103825	江铃集团新能源	161532	江铃E200S	国产
103851	君马汽车	161740	君马S70	国产
103851	君马汽车	161772	君马MEET 3	国产
1268	凯迪拉克	3016	凯迪拉克CTS	合资
1268	凯迪拉克	3018	凯迪拉克DTS	合资
1268	凯迪拉克	3019	帝威	合资
1268	凯迪拉克	3021	凯雷德	合资
1268	凯迪拉克	3022	凯迪拉克SRX	合资
1268	凯迪拉克	3023	凯迪拉克XLR	合资
1268	凯迪拉克	3025	弗雷特伍德	合资
1268	凯迪拉克	3026	赛威SLS	合资
1268	凯迪拉克	17161	凯迪拉克ATS	合资
1268	凯迪拉克	22253	凯迪拉克XTS	合资
1268	凯迪拉克	104223	凯迪拉克ATS-L	合资
1268	凯迪拉克	105697	凯迪拉克BLS	合资
1268	凯迪拉克	105699	凯迪拉克Brougham	合资
1268	凯迪拉克	105700	凯迪拉克Catera	合资
1268	凯迪拉克	105703	凯迪拉克Eldorado	合资
1268	凯迪拉克	105704	塞维利亚	合资
1268	凯迪拉克	105706	凯迪拉克STS	合资
1268	凯迪拉克	105708	凯迪拉克Traverse	
1268	凯迪拉克	105709	凯迪拉克Yokon XL	合资
1268	凯迪拉克	160901	凯迪拉克CT6	合资
1268	凯迪拉克	161108	凯迪拉克XT5	合资
1268	凯迪拉克	161590	凯迪拉克DeVille	合资
1269	克莱斯勒	3028	克莱斯勒300M	合资
1269	克莱斯勒	3030	PT 漫步者	合资
1269	克莱斯勒	3031	克莱斯勒Sebring	合资
1269	克莱斯勒	3032	彩虹	合资
1269	克莱斯勒	3033	交叉火力	合资
1269	克莱斯勒	3034	君王	合资
1269	克莱斯勒	3035	太阳舞	合资
1269	克莱斯勒	3037	铂锐	合资
1269	克莱斯勒	17170	克莱斯勒300C	合资
1269	克莱斯勒	17171	克莱斯勒300S	合资
1269	克莱斯勒	17177	克莱斯勒Pacifica	合资
1269	克莱斯勒	22249	大捷龙	合资
1269	克莱斯勒	105686	克莱斯勒200	合资
1269	克莱斯勒	105687	克莱斯勒300C Touring	合资
1269	克莱斯勒	105688	克莱斯勒Aspen	合资
1269	克莱斯勒	105689	卷云	合资
1269	克莱斯勒	105691	帝王	合资
1269	克莱斯勒	105692	纽约客	合资
1269	克莱斯勒	161692	城乡	合资
1269	克莱斯勒	161752	大捷龙PHEV(进口)	合资
2258	开瑞	5657	优雅	国产
2258	开瑞	5658	优翼	国产
2258	开瑞	5659	优派	国产
2258	开瑞	5660	优劲	国产
2258	开瑞	5661	优优	国产
2258	开瑞	5662	优胜	国产
2258	开瑞	17169	优胜2代	国产
2258	开瑞	22524	优雅2代	国产
2258	开瑞	105200	开瑞3	国产
2258	开瑞	105886	开瑞K50	国产
2258	开瑞	105887	优优2	国产
2258	开瑞	160879	杰虎	国产
2258	开瑞	161245	开瑞K60	国产
2258	开瑞	161705	开瑞J001	国产
102464	科尼赛克	17178	科尼赛克Agera	合资
102464	科尼赛克	17180	科尼赛克CCXR	合资
102705	卡威	22251	卡威K1	国产
102705	卡威	160868	卡威W1	国产
102705	卡威	161304	卡威K150	国产
102705	卡威	161621	卡威W1新能源	国产
102705	卡威	161677	卡威K150GT	国产
102705	卡威	161684	路易斯	国产
102706	卡尔森	22255	卡尔森 GL级	合资
102706	卡尔森	22526	卡尔森 S级	合资
103775	凯翼	105696	凯翼C3	国产
103775	凯翼	106629	凯翼C3R	国产
103775	凯翼	160930	凯翼X3	国产
103775	凯翼	161109	凯翼V3	国产
103775	凯翼	161666	凯翼X5	国产
103775	凯翼	161697	凯翼E3	国产
103809	凯马	161369	锐腾	国产
103809	凯马	161387	凯马W01	国产
103827	康迪	161486	K11B	国产
103827	康迪	161487	K17	国产
103827	康迪	161488	K30	国产
103827	康迪	161559	K12	国产
103827	康迪	161562	K10	国产
103827	康迪	161563	K11	国产
103830	卡升	161566	卡升C10	国产
103830	卡升	161567	卡升V-Class	国产
103830	卡升	161569	卡升T6	国产
103830	卡升	161574	卡升威霆	国产
103832	KTM	161582	X-BOW	合资
1209	铃木	7	奥拓	合资
1209	铃木	3082	羚羊	合资
1209	铃木	3086	雨燕	合资
1209	铃木	3087	北斗星	合资
1209	铃木	3088	浪迪	合资
1209	铃木	3091	超级维特拉	合资
1209	铃木	3092	吉姆尼	合资
1209	铃木	5612	凯泽西	合资
1209	铃木	5613	天语 尚悦	合资
1209	铃木	17198	利亚纳	合资
1209	铃木	17200	铃木Splash	合资
1209	铃木	22223	锋驭	合资
1209	铃木	22226	速翼特	合资
1209	铃木	22519	北斗星X5	合资
1209	铃木	104228	启悦	合资
1209	铃木	105407	速翼特运动版	合资
1209	铃木	105410	利亚纳A6	合资
1209	铃木	105412	天语 SX4	合资
1209	铃木	105415	派喜	合资
1209	铃木	106279	铃木APV	合资
1209	铃木	106280	铃木Esteem	合资
1209	铃木	106281	铃木Forenza	合资
1209	铃木	106284	铃木Reno	合资
1209	铃木	106287	铃木SX4	合资
1209	铃木	106288	铃木Verona	合资
1209	铃木	106289	铃木X-90	合资
1209	铃木	106290	铃木XL7	合资
1209	铃木	106293	昌铃王	合资
1209	铃木	160895	维特拉	合资
1209	铃木	161638	骁途	合资
1209	铃木	161660	英格尼斯	合资
1270	猎豹	3038	飞腾	国产
1270	猎豹	3039	黑金刚	国产
1270	猎豹	3044	奇兵	国产
1270	猎豹	3045	骐菱	国产
1270	猎豹	16968	猎豹CT5	国产
1270	猎豹	22236	猎豹CS6	国产
1270	猎豹	22522	猎豹CS7	国产
1270	猎豹	106088	猎豹Q6	国产
1270	猎豹	106089	飞腾C5	国产
1270	猎豹	106628	猎豹CS10	国产
1270	猎豹	161094	飞扬	国产
1270	猎豹	161111	猎豹6481	国产
1270	猎豹	161243	猎豹CT7	国产
1270	猎豹	161323	飞铃	国产
1270	猎豹	161526	猎豹CS9	国产
1270	猎豹	161768	猎豹CS9新能源	国产
1271	兰博基尼	3047	兰博基尼Murcielago	合资
1271	兰博基尼	5559	兰博基尼Aventador	合资
1271	兰博基尼	17182	兰博基尼Reventon	合资
1271	兰博基尼	22248	兰博基尼Huracan	合资
1271	兰博基尼	22523	兰博基尼Gallardo	合资
1271	兰博基尼	161767	兰博基尼Urus	合资
1272	罗孚	106172	罗孚75	合资
1272	罗孚	106173	罗孚TF	合资
1273	陆风	3051	陆风X6	国产
1273	陆风	3052	陆风X9	国产
1273	陆风	5530	新饰界	国产
1273	陆风	5531	风尚	国产
1273	陆风	5532	风华	国产
1273	陆风	5533	陆风X8	国产
1273	陆风	22218	陆风X5	国产
1273	陆风	160876	陆风X7	国产
1273	陆风	161548	陆风X2	国产
1273	陆风	161737	陆风逍遥	国产
1274	力帆	3054	力帆320	国产
1274	力帆	3055	力帆520	国产
1274	力帆	3057	力帆620	国产
1274	力帆	5567	丰顺	国产
1274	力帆	5568	力帆X60	国产
1274	力帆	17193	力帆720	国产
1274	力帆	22230	力帆630	国产
1274	力帆	22233	兴顺	国产
1274	力帆	22234	福顺	国产
1274	力帆	22520	力帆530	国产
1274	力帆	22521	力帆330	国产
1274	力帆	104227	乐途	国产
1274	力帆	105000	乐途S	国产
1274	力帆	105724	力帆X50	国产
1274	力帆	106601	力帆820	国产
1274	力帆	160925	迈威	国产
1274	力帆	161110	力帆T11	国产
1274	力帆	161388	时骏	国产
1274	力帆	161496	力帆X80	国产
1274	力帆	161497	轩朗	国产
1274	力帆	161551	力帆T21	国产
1276	路虎	3063	揽胜	合资
1276	路虎	3064	神行者	合资
1276	路虎	3065	揽胜运动版	合资
1276	路虎	5560	揽胜极光	合资
1276	路虎	17207	神行者2	合资
1276	路虎	104229	发现神行	合资
1276	路虎	105387	卫士	合资
1276	路虎	106239	揽胜极光Coupe	合资
1276	路虎	160959	发现	合资
1276	路虎	161507	揽胜星脉	合资
1276	路虎	161778	揽胜运动版新能源	合资
1276	路虎	161780	揽胜新能源	合资
1277	林肯	3067	城市	合资
1277	林肯	3070	领航员	合资
1277	林肯	3071	林肯LS	合资
1277	林肯	3072	林肯MKX	合资
1277	林肯	3073	林肯MKZ	合资
1277	林肯	17204	林肯MKS	合资
1277	林肯	17205	林肯MKT	合资
1277	林肯	105982	林肯Aviator	合资
1277	林肯	105983	林肯Blackwood	合资
1277	林肯	105984	林肯Continental	合资
1277	林肯	105985	林肯Mark LT	合资
1277	林肯	105986	林肯MKC	合资
1277	林肯	105987	林肯Zephyr	合资
1277	林肯	161250	林肯大陆	合资
1278	雷克萨斯	3075	雷克萨斯ES	合资
1278	雷克萨斯	3076	雷克萨斯GS	合资
1278	雷克萨斯	3077	雷克萨斯IS	合资
1278	雷克萨斯	3078	雷克萨斯LS	合资
1278	雷克萨斯	3079	雷克萨斯LX	合资
1278	雷克萨斯	3080	雷克萨斯RX	合资
1278	雷克萨斯	3081	雷克萨斯SC	合资
1278	雷克萨斯	17185	雷克萨斯CT	合资
1278	雷克萨斯	17186	雷克萨斯HS	合资
1278	雷克萨斯	17187	雷克萨斯LFA	合资
1278	雷克萨斯	22244	雷克萨斯RC	合资
1278	雷克萨斯	22246	雷克萨斯GX	合资
1278	雷克萨斯	106464	雷克萨斯NX	合资
1278	雷克萨斯	161352	雷克萨斯RX经典	合资
1278	雷克萨斯	161410	雷克萨斯RC F	合资
1278	雷克萨斯	161747	雷克萨斯LC	合资
1279	雷诺	3094	科雷傲	合资
1279	雷诺	3095	风景	合资
1279	雷诺	3096	拉古那	合资
1279	雷诺	3097	梅甘娜	合资
1279	雷诺	3098	威赛帝	合资
1279	雷诺	5596	纬度	合资
1279	雷诺	5597	风朗	合资
1279	雷诺	17189	塔利斯曼	合资
1279	雷诺	22238	丽人行	合资
1279	雷诺	22240	雷诺Clio	合资
1279	雷诺	104226	雷诺Espace	合资
1279	雷诺	106389	雷诺Kangoo	合资
1279	雷诺	106398	雷诺Modus	合资
1279	雷诺	106403	塔菲克	合资
1279	雷诺	106602	卡缤	合资
1279	雷诺	160920	科雷嘉	合资
1281	劳斯莱斯	3100	幻影	合资
1281	劳斯莱斯	5603	古思特	合资
1281	劳斯莱斯	17184	银刺	合资
1281	劳斯莱斯	22247	魅影	合资
1281	劳斯莱斯	105725	银灵	合资
1281	劳斯莱斯	161139	曜影	合资
2269	理念	5663	理念S1	国产
102469	路特斯	17208	路特斯2-Eleven	合资
102469	路特斯	105382	路特斯Elise	合资
102469	路特斯	105383	竞悦	合资
102469	路特斯	105384	竞速	合资
102469	路特斯	105385	路特斯Evora	合资
102469	路特斯	105386	路特斯Exige	合资
102469	路特斯	106237	路特斯Europa	合资
102469	路特斯	161612	路斯特Esprit	合资
103776	劳伦士	105001	劳伦士CLS级	合资
103776	劳伦士	105002	劳伦士ML级	合资
103776	劳伦士	105003	劳伦士S级	合资
103800	领志	160955	领志i1	合资
103833	LOCAL MOTORS	161583	RALLY FIGHTER	合资
103834	Lorinser	161584	Lorinser M级	合资
103834	Lorinser	161585	Lorinse S级	合资
103834	Lorinser	161609	Lorinser VS550	合资
103834	Lorinser	161610	Metris MS500	合资
103834	Lorinser	161611	Sprinter LS500	合资
103834	Lorinser	161786	Lorinser GS500	合资
103837	陆地方舟	161614	艾威	国产
103837	陆地方舟	161615	陆地方舟V5	国产
103837	陆地方舟	161616	陆地方舟风尚	国产
103837	陆地方舟	161643	威途X35	国产
103845	拉达汽车	161703	泥瓦	合资
103849	领克	161727	领克01	国产
1211	马自达	3121	马自达MX-5	合资
1211	马自达	3122	马自达RX-8	合资
1211	马自达	3124	马自达5	合资
1211	马自达	3125	马自达MPV	合资
1211	马自达	3128	马自达929	合资
1211	马自达	3131	睿翼	合资
1211	马自达	17221	马自达CX-9	合资
1211	马自达	17225	马自达8	合资
1211	马自达	17229	马自达Tribute	合资
1211	马自达	22212	马自达CX-7	合资
1211	马自达	22516	马自达CX-5	合资
1211	马自达	105524	马自达6	合资
1211	马自达	106419	马自达Millenia	合资
1211	马自达	106420	马自达MX-6	合资
1211	马自达	106421	马自达Navajo	合资
1211	马自达	106422	马自达RX-7	合资
1211	马自达	106425	马自达2	合资
1211	马自达	106427	马自达3	合资
1211	马自达	106465	马自达323	合资
1211	马自达	106466	马自达626	合资
1211	马自达	106583	阿特兹	合资
1211	马自达	106584	昂克赛拉	合资
1211	马自达	160931	马自达CX-4	合资
1211	马自达	161340	马自达2劲翔	合资
1211	马自达	161341	马自达3星骋	合资
1211	马自达	161718	马自达CX-3	合资
1282	迈巴赫	3102	迈巴赫57	合资
1282	迈巴赫	3103	迈巴赫62	合资
1282	迈巴赫	106242	迈巴赫Exelero	合资
1282	迈巴赫	161118	迈巴赫	合资
1284	MINI	5583	MINI Clubman	合资
1284	MINI	5584	MINI Cabrio-Coupe	合资
1284	MINI	5585	MINI Countryman	合资
1284	MINI	5586	MINI Roadster	合资
1284	MINI	5587	MINI Coupe	合资
1284	MINI	17235	MINI	合资
1284	MINI	22209	MINI Paceman	合资
1284	MINI	105568	MINI 5-Door	合资
1284	MINI	161069	MINI JCW	合资
1284	MINI	161070	MINI JCW CLUBMAN	合资
1284	MINI	161071	MINI JCW COUPE	合资
1284	MINI	161072	MINI JCW PACEMAN	合资
1284	MINI	161728	MINI JCW COUNTRYMAN	合资
1285	玛莎拉蒂	3108	玛莎拉蒂Coupe	合资
1285	玛莎拉蒂	3110	玛莎拉蒂GranSport	合资
1285	玛莎拉蒂	3111	总裁	合资
1285	玛莎拉蒂	5573	玛莎拉蒂GranCabrio	合资
1285	玛莎拉蒂	17213	玛莎拉蒂3200GT	合资
1285	玛莎拉蒂	18389	玛莎拉蒂Ghibli	合资
1285	玛莎拉蒂	106092	玛莎拉蒂GT	合资
1285	玛莎拉蒂	106095	玛莎拉蒂MC12	合资
1285	玛莎拉蒂	160913	玛莎拉蒂Levante	合资
1285	玛莎拉蒂	161067	玛莎拉蒂GranTurismo	合资
1285	玛莎拉蒂	161117	玛莎拉蒂Spyder	合资
1286	美亚	3113	海狮	国产
1286	美亚	3115	奇兵	国产
1286	美亚	3116	奇骏	国产
1286	美亚	3117	顺风	国产
1286	美亚	161480	陆程	国产
102716	迈凯伦	22452	迈凯伦12C	合资
102716	迈凯伦	105397	迈凯伦650S	合资
102716	迈凯伦	106240	迈凯伦625C 	合资
102716	迈凯伦	106627	迈凯伦540C	合资
102716	迈凯伦	161119	迈凯伦570GT	合资
102716	迈凯伦	161120	迈凯伦570S	合资
102716	迈凯伦	161121	迈凯伦P1	合资
102716	迈凯伦	161539	迈凯伦720S	合资
103788	MG	104871	MG3	国产
103788	MG	104874	MG5	国产
103788	MG	104875	MG6	国产
103788	MG	104879	MG7	国产
103788	MG	104880	MGTF	国产
103788	MG	161127	锐行	国产
103788	MG	161128	锐腾	国产
103788	MG	161293	MG 3SW	国产
103788	MG	161394	名爵ZS	国产
103788	MG	161769	名爵6新能源	合资
103818	摩根	161401	摩根Aero 8	合资
103818	摩根	161402	摩根Aero	合资
103818	摩根	161403	3 Wheeler	合资
103818	摩根	161597	摩根4-4	合资
103818	摩根	161598	摩根Plus 4	合资
103818	摩根	161599	摩根Roadster	合资
2271	纳智捷	5646	大7 SUV	合资
2271	纳智捷	17238	纳智捷MASTER CEO	合资
2271	纳智捷	17239	大7 MPV	合资
2271	纳智捷	22203	纳5	合资
2271	纳智捷	22511	优6 SUV	合资
2271	纳智捷	160942	锐3	合资
2271	纳智捷	161671	U5 SUV	国产
103806	南京金龙	161063	开沃D11	国产
103806	南京金龙	161515	金龙D12	国产
103806	南京金龙	161763	开沃D09	国产
103806	南京金龙	161764	开沃D08	国产
103806	南京金龙	161765	开沃D10	国产
103806	南京金龙	161779	开沃D07	国产
103814	南骏	161379	瑞宝	国产
1288	欧宝	3133	欧宝GT	合资
1288	欧宝	3134	安德拉	合资
1288	欧宝	3135	赛飞利	合资
1288	欧宝	3136	威达	合资
1288	欧宝	3137	雅特	合资
1288	欧宝	3138	欧捷利	合资
1288	欧宝	3139	欧美佳	合资
1288	欧宝	22201	麦瑞纳	合资
1288	欧宝	104232	可赛	合资
1288	欧宝	106002	欧宝Combo	合资
1288	欧宝	106008	音速亚	合资
1288	欧宝	106010	欧宝Signum	合资
1288	欧宝	106011	欧宝Speedster	合资
1288	欧宝	106012	欧宝Tigra	合资
1288	欧宝	161142	英速亚	合资
1289	讴歌	3140	讴歌MDX	合资
1289	讴歌	3141	讴歌RL	合资
1289	讴歌	3142	讴歌TL	合资
1289	讴歌	5376	讴歌TSX	合资
1289	讴歌	17248	讴歌ILX	合资
1289	讴歌	17249	讴歌RDX	合资
1289	讴歌	17250	讴歌RSX	合资
1289	讴歌	22193	讴歌RLX	合资
1289	讴歌	22195	讴歌ZDX	合资
1289	讴歌	22198	讴歌NSX	合资
1289	讴歌	106215	讴歌CL	合资
1289	讴歌	106217	讴歌Integra	合资
1289	讴歌	106218	讴歌SLX	合资
1289	讴歌	106219	讴歌TLX	合资
1289	讴歌	160937	讴歌CDX	合资
1289	讴歌	161766	讴歌TLX-L	合资
102481	欧朗	17251	欧朗	国产
1290	庞蒂克	17254	火鸟	合资
102482	帕加尼	17252	帕加尼Zonda	合资
102482	帕加尼	161059	帕加尼Huayra	合资
1201	奇瑞	3150	东方之子	国产
1201	奇瑞	3151	东方之子Cross	国产
1201	奇瑞	3153	奇瑞QQ3	国产
1201	奇瑞	3154	奇瑞QQ6	国产
1201	奇瑞	3155	奇瑞A1	国产
1201	奇瑞	3157	奇瑞A5	国产
1201	奇瑞	3158	旗云	国产
1201	奇瑞	3159	瑞虎	国产
1201	奇瑞	3160	瑞虎3	国产
1201	奇瑞	3163	风云	国产
1201	奇瑞	5460	奇瑞QQme	国产
1201	奇瑞	5461	奇瑞E5	国产
1201	奇瑞	17266	奇瑞V5	国产
1201	奇瑞	17267	旗云1	国产
1201	奇瑞	17268	旗云2	国产
1201	奇瑞	17269	旗云3	国产
1201	奇瑞	17270	旗云5	国产
1201	奇瑞	17274	瑞虎DR	国产
1201	奇瑞	22099	艾瑞泽7	国产
1201	奇瑞	22185	瑞虎5	国产
1201	奇瑞	22187	奇瑞QQ	国产
1201	奇瑞	22507	奇瑞E3	国产
1201	奇瑞	22508	爱卡	国产
1201	奇瑞	104234	艾瑞泽3	国产
1201	奇瑞	104235	奇瑞eQ	国产
1201	奇瑞	105081	奇瑞A3	国产
1201	奇瑞	105084	瑞虎S	国产
1201	奇瑞	105085	风云2	国产
1201	奇瑞	106626	艾瑞泽M7	国产
1201	奇瑞	160929	艾瑞泽5	国产
1201	奇瑞	161122	奇瑞X1	国产
1201	奇瑞	161131	瑞虎3X	国产
1201	奇瑞	161244	艾瑞泽7e	国产
1201	奇瑞	161312	瑞虎7	国产
1201	奇瑞	161484	奇瑞QQ3EV	国产
1201	奇瑞	161502	奇瑞eQ1	国产
1201	奇瑞	161649	艾瑞泽5e	国产
1201	奇瑞	161673	瑞虎5x	国产
1201	奇瑞	161751	瑞虎3xe	国产
1275	青年莲花	3060	竞速	国产
1275	青年莲花	3061	竞悦	国产
1275	青年莲花	105363	莲花L3	国产
1275	青年莲花	105368	莲花L5	国产
1291	庆铃	3144	竞技者	国产
1291	庆铃	3146	庆铃皮卡	国产
1291	庆铃	161762	庆铃TAGA	国产
1292	起亚	3164	霸锐	合资
1292	起亚	3166	欧菲莱斯	合资
1292	起亚	3167	索兰托	合资
1292	起亚	3169	威客	合资
1292	起亚	3174	赛拉图	合资
1292	起亚	3175	赛拉图 欧风	合资
1292	起亚	3176	远舰	合资
1292	起亚	3177	千里马	合资
1292	起亚	5549	起亚Picanto	合资
1292	起亚	5551	福瑞迪	合资
1292	起亚	5552	福瑞迪 Koup	合资
1292	起亚	5555	凯尊	合资
1292	起亚	5556	智跑	合资
1292	起亚	5557	起亚K5	合资
1292	起亚	17275	锐欧	合资
1292	起亚	17277	嘉华	合资
1292	起亚	17278	佳乐	合资
1292	起亚	17280	起亚Cee’d	合资
1292	起亚	17282	秀尔	合资
1292	起亚	17284	起亚Sephia	合资
1292	起亚	17285	狮跑	合资
1292	起亚	17286	速迈	合资
1292	起亚	18391	起亚K3	合资
1292	起亚	22171	新佳乐	合资
1292	起亚	22175	欧迪玛	合资
1292	起亚	105377	起亚K2	合资
1292	起亚	105380	索兰托L	合资
1292	起亚	105381	威客-R	合资
1292	起亚	106221	首都	合资
1292	起亚	106222	起亚cee’d 旅行车	合资
1292	起亚	106226	帝国	合资
1292	起亚	106227	起亚K3S	合资
1292	起亚	106228	起亚K4	合资
1292	起亚	106229	贝斯塔	合资
1292	起亚	106231	起亚Niro	合资
1292	起亚	106233	维斯特	合资
1292	起亚	106234	普莱特	合资
1292	起亚	106599	起亚KX3	合资
1292	起亚	106600	起亚K9	合资
1292	起亚	160918	起亚KX5	合资
1292	起亚	161347	极睿	合资
1292	起亚	161491	起亚KX7	合资
1292	起亚	161656	凯绅	合资
1292	起亚	161657	起亚KX CROSS	合资
1292	起亚	161672	焕驰	合资
1292	起亚	161678	华骐300E	合资
1292	起亚	161714	斯汀格	合资
102478	启辰	17256	启辰D50	国产
102478	启辰	22191	启辰R50	国产
102478	启辰	22509	启辰R50X	国产
102478	启辰	22510	晨风	国产
102478	启辰	105752	启辰R30	国产
102478	启辰	105753	启辰T70	国产
102478	启辰	161124	启辰T90	国产
102478	启辰	161308	启辰T70X	国产
102478	启辰	161520	启辰M50V	国产
102478	启辰	161700	启辰D60	国产
103821	前途	161407	前途K50	国产
103846	乔治·巴顿	161704	乔治·巴顿	合资
1202	日产	3180	骏逸	合资
1202	日产	3181	骊威	合资
1202	日产	3182	骐达	合资
1202	日产	3184	天籁	合资
1202	日产	3187	轩逸	合资
1202	日产	3188	颐达	合资
1202	日产	3189	阳光	合资
1202	日产	3190	蓝鸟	合资
1202	日产	3196	风度	合资
1202	日产	3198	贵士	合资
1202	日产	3199	日产GT-R	合资
1202	日产	3201	途乐	合资
1202	日产	3202	西玛	合资
1202	日产	3207	日产D22皮卡	合资
1202	日产	3208	帕拉丁	合资
1202	日产	3209	帕拉骐	合资
1202	日产	5599	玛驰	合资
1202	日产	5600	日产NV200	合资
1202	日产	5602	楼兰	合资
1202	日产	17291	奥蒂玛	合资
1202	日产	17292	日产ARMADA	合资
1202	日产	17293	日产Cube	合资
1202	日产	17294	风雅	合资
1202	日产	17297	逍客	合资
1202	日产	17300	寻路者	合资
1202	日产	17301	马克西马	合资
1202	日产	17303	日产370Z	合资
1202	日产	17306	凯普斯达	合资
1202	日产	22169	日产ZN厢式车	合资
1202	日产	22181	奇骏	合资
1202	日产	22467	日产350Z	合资
1202	日产	104238	日产Pulsar	合资
1202	日产	105920	日产300ZX	合资
1202	日产	105925	日产Axxess	合资
1202	日产	105929	公爵王	合资
1202	日产	105932	碧莲	合资
1202	日产	105933	日产Frontier	合资
1202	日产	105938	桂冠	合资
1202	日产	105939	日产Micra	合资
1202	日产	105948	日产Silvia	合资
1202	日产	105957	佳奔	合资
1202	日产	106467	日产Almera	合资
1202	日产	106468	日产Titan	合资
1202	日产	161065	日产CIMA	合资
1202	日产	161318	日产D22	国产
1202	日产	161537	纳瓦拉	国产
1202	日产	161618	劲客	国产
1202	日产	161689	日产Pathfinder	合资
1202	日产	161754	途达	合资
1293	荣威	3211	荣威550	国产
1293	荣威	3212	荣威750	国产
1293	荣威	5604	荣威350	国产
1293	荣威	5605	荣威W5	国产
1293	荣威	17308	荣威950	国产
1293	荣威	22168	荣威E50	国产
1293	荣威	160872	荣威360	国产
1293	荣威	160934	荣威RX5	国产
1293	荣威	161125	荣威e550	国产
1293	荣威	161126	荣威e950	国产
1293	荣威	161241	荣威eRX5	国产
1293	荣威	161393	荣威i6	国产
1293	荣威	161522	荣威ei6	国产
1293	荣威	161709	荣威RX3	国产
1293	荣威	161732	荣威Ei5	国产
2260	瑞麒	5673	瑞麒G6	国产
2260	瑞麒	5674	瑞麒X1	国产
2260	瑞麒	5675	瑞麒G5	国产
2260	瑞麒	5676	瑞麒M5	国产
2260	瑞麒	5677	瑞麒G3	国产
2260	瑞麒	105303	瑞麒M1	国产
102701	RUF	22166	RUF CTR 3	合资
102701	RUF	22504	RUF XL	合资
103838	瑞驰新能源	161619	瑞驰新能源EC35	国产
103838	瑞驰新能源	161760	瑞驰新能源EK05	国产
1204	三菱	3245	蓝瑟 EX	合资
1204	三菱	3246	三菱戈蓝	合资
1204	三菱	3249	欧蓝德EX劲界	合资
1204	三菱	3250	帕杰罗	合资
1204	三菱	3251	欧蓝德	合资
1204	三菱	3252	帕杰罗·速跑	合资
1204	三菱	3253	君阁	合资
1204	三菱	3254	菱绅	合资
1204	三菱	5589	伊柯丽斯	合资
1204	三菱	5590	翼神	合资
1204	三菱	5591	劲炫ASX	合资
1204	三菱	17319	格蓝迪	合资
1204	三菱	17320	蓝瑟	合资
1204	三菱	22165	风迪思	合资
1204	三菱	104920	劲炫	合资
1204	三菱	104921	蓝瑟 翼豪陆神	合资
1204	三菱	104925	帕杰罗 V73	合资
1204	三菱	104926	帕杰罗·劲畅	合资
1204	三菱	105587	三菱Diamante	合资
1204	三菱	105589	三菱Endeavor	合资
1204	三菱	105590	三菱Expo	合资
1204	三菱	105591	三菱GTO	合资
1204	三菱	105592	蓝瑟 ES	合资
1204	三菱	105593	蓝瑟 GTS	合资
1204	三菱	105594	三菱Maven	合资
1204	三菱	105595	三菱Mirage	合资
1204	三菱	105596	西格玛	合资
1204	三菱	105597	太空	合资
1204	三菱	161068	三菱LANCER	合资
1204	三菱	161294	欧蓝德经典	国产
1204	三菱	161761	祺智PHEV	合资
1214	萨博	25	萨博Saab 9-5	合资
1214	萨博	3213	萨博Saab 9-3	合资
1214	萨博	5607	萨博Saab 9-7	合资
1214	萨博	17313	萨博Saab 9000	合资
1214	萨博	106205	萨博Saab 9-2	合资
1214	萨博	106210	萨博Saab 900	合资
1294	斯巴鲁	3215	傲虎	合资
1294	斯巴鲁	3216	驰鹏	合资
1294	斯巴鲁	3217	力狮	合资
1294	斯巴鲁	3218	森林人	合资
1294	斯巴鲁	5610	斯巴鲁XV	合资
1294	斯巴鲁	17331	斯巴鲁BRZ	合资
1294	斯巴鲁	105217	斯巴鲁 WRX	合资
1294	斯巴鲁	105219	翼豹	合资
1294	斯巴鲁	105220	力狮 旅行车	合资
1294	斯巴鲁	105894	斯巴鲁Baja	合资
1294	斯巴鲁	105895	斯巴鲁Dex	合资
1294	斯巴鲁	105896	斯巴鲁Exiga	合资
1294	斯巴鲁	105898	斯巴鲁Justy	合资
1294	斯巴鲁	105899	斯巴鲁Pleo	合资
1294	斯巴鲁	105900	斯巴鲁R1	合资
1294	斯巴鲁	105901	斯巴鲁R2	合资
1294	斯巴鲁	105902	斯巴鲁Sambar	合资
1294	斯巴鲁	105903	斯特拉	合资
1294	斯巴鲁	105904	小公主	合资
1296	双环	3232	来宝SRV	国产
1296	双环	3234	小贵族	国产
1296	双环	3235	来旺	国产
1296	双环	22153	双环SCEO	国产
1297	斯柯达	3239	斯柯达Felicia	合资
1297	斯柯达	3240	昊锐	合资
1297	斯柯达	3241	晶锐	合资
1297	斯柯达	17337	速派	合资
1297	斯柯达	17338	斯柯达Yeti	合资
1297	斯柯达	22148	昕动	合资
1297	斯柯达	22497	昕锐	合资
1297	斯柯达	22498	明锐	合资
1297	斯柯达	105913	斯柯达Roomster	合资
1297	斯柯达	161075	斯柯达Superb	合资
1297	斯柯达	161135	速尊	合资
1297	斯柯达	161521	柯迪亚克	国产
1297	斯柯达	161541	欧雅	合资
1297	斯柯达	161742	柯珞克	合资
1299	双龙	3256	爱腾	合资
1299	双龙	3257	路帝	合资
1299	双龙	3258	雷斯特	合资
1299	双龙	3259	雷斯特 Ⅱ	合资
1299	双龙	3260	享御	合资
1299	双龙	5608	柯兰多	合资
1299	双龙	5609	主席	合资
1299	双龙	22151	雷斯特W	合资
1299	双龙	106597	蒂维拉	合资
1299	双龙	161136	途凌	合资
2253	世爵	5678	世爵C8	合资
2253	世爵	161587	世爵D12	合资
2273	上汽大通	5635	大通V80	国产
2273	上汽大通	22466	大通G10	国产
2273	上汽大通	105798	大通EV80	国产
2273	上汽大通	161342	大通T60	国产
2273	上汽大通	161519	大通RV80	国产
2273	上汽大通	161642	大通D90	国产
2273	上汽大通	161683	上汽大通EG10	国产
102474	思铭	17339	思铭	国产
102476	Smart	17340	smart forfour	合资
102476	Smart	17341	smart fortwo	合资
102476	Smart	105575	Smart Crossblade	合资
102476	Smart	105576	smart roadster	合资
102476	Smart	161073	smart forjeremy	合资
102700	陕汽通家	22154	福家	国产
102700	陕汽通家	22155	龙锐	国产
103766	Scion	105571	Scion tC	合资
103766	Scion	105572	Scion xA	合资
103766	Scion	105573	Scion xB	合资
103766	Scion	105574	Scion xD	合资
103767	SPRINGO	105578	赛欧	合资
103786	赛宝	106220	赛宝	国产
103801	赛麟	160956	赛麟野马	合资
103801	赛麟	160957	赛麟S7	合资
103801	赛麟	161593	赛麟科迈罗	合资
103802	斯威	160958	斯威X7	国产
103802	斯威	161544	斯威X3	国产
103810	时代	161370	驭菱	国产
103810	时代	161380	康瑞K	国产
103815	四川现代	161381	瑞逸	国产
103815	四川现代	161382	瑞宝	国产
103835	斯达泰克	161600	斯达泰克-卫士	合资
103835	斯达泰克	161601	斯达泰克-揽胜	合资
103835	斯达泰克	161602	斯达泰克-揽胜运动版	合资
1300	天马	3264	风驰	国产
1300	天马	3266	风锐	国产
1300	天马	3267	海狮	国产
1300	天马	3268	骏驰	国产
1300	天马	3270	英雄	国产
1301	通田	3271	阁罗	国产
2257	通用	5686	坤程	国产
102715	特斯拉	105286	特斯拉MODEL S	合资
102715	特斯拉	160912	特斯拉Model X	合资
102717	腾势	22491	腾势	合资
103816	唐骏汽车	161383	赛菱	国产
103816	唐骏汽车	161384	福星	国产
103836	泰卡特	161604	泰卡特T1	合资
103836	泰卡特	161605	泰卡特 T2	合资
103836	泰卡特	161606	泰卡特 T3	合资
103836	泰卡特	161607	泰卡特 T7	合资
103836	泰卡特	161608	泰卡特 T9	合资
1203	沃尔沃	3277	沃尔沃S60	合资
1203	沃尔沃	3278	沃尔沃C30	合资
1203	沃尔沃	3280	沃尔沃S80	合资
1203	沃尔沃	3282	沃尔沃XC60	合资
1203	沃尔沃	3284	沃尔沃S70	合资
1203	沃尔沃	3285	沃尔沃V70	合资
1203	沃尔沃	3286	沃尔沃S80L	合资
1203	沃尔沃	5623	沃尔沃V60	合资
1203	沃尔沃	17346	沃尔沃850	合资
1203	沃尔沃	17347	沃尔沃960	合资
1203	沃尔沃	17348	沃尔沃S90	合资
1203	沃尔沃	17349	沃尔沃XC70	合资
1203	沃尔沃	17351	沃尔沃S40	合资
1203	沃尔沃	17352	沃尔沃V40	合资
1203	沃尔沃	22403	沃尔沃S60L	合资
1203	沃尔沃	104241	沃尔沃XC90	合资
1203	沃尔沃	105273	沃尔沃C70	合资
1203	沃尔沃	106037	沃尔沃240	合资
1203	沃尔沃	106039	沃尔沃740	合资
1203	沃尔沃	106042	沃尔沃940	合资
1203	沃尔沃	161077	沃尔沃XC Classic	合资
1203	沃尔沃	161505	沃尔沃V90	合资
1203	沃尔沃	161757	沃尔沃XC60新能源	合资
1304	五十铃	3275	突路霸	合资
1304	五十铃	104243	五十铃D-MAX	合资
1304	五十铃	160877	五十铃mu-X	合资
1304	五十铃	160894	瑞迈	合资
1304	五十铃	161405	五十铃皮卡	国产
1304	五十铃	161596	竞技者	国产
1304	五十铃	161758	铃拓	合资
1305	五菱	3287	五菱大发	国产
1305	五菱	3288	鸿途	国产
1305	五菱	3289	五菱荣光	国产
1305	五菱	3290	兴旺	国产
1305	五菱	3292	扬光	国产
1305	五菱	3293	五菱之光	国产
1305	五菱	5624	PN货车	国产
1305	五菱	5625	五菱宏光	国产
1305	五菱	17357	小旋风	国产
1305	五菱	105642	五菱荣光V	国产
1305	五菱	105643	五菱征程	国产
1305	五菱	161252	五菱之光小卡	国产
1305	五菱	161253	五菱荣光小卡	国产
1305	五菱	161298	五菱之光V	国产
1305	五菱	161517	五菱宏光V	国产
1305	五菱	161701	五菱宏光S3	国产
2264	威麟	5680	威麟V5	国产
2264	威麟	5682	威麟X5	国产
2264	威麟	105836	威麟H3	国产
2264	威麟	105837	威麟H5	国产
102714	威兹曼	105127	威兹曼GT	合资
102714	威兹曼	161137	威兹曼Roadster	合资
103768	万丰	105583	万丰商务车	国产
103768	万丰	105584	万丰皮卡	国产
103768	万丰	105585	泰威	国产
103768	万丰	105586	速威	国产
103822	蔚来	161409	蔚来EP9	国产
103822	蔚来	161724	蔚来ES8	国产
103829	WEY	161527	WEY VV7	国产
103829	WEY	161659	WEY VV5	国产
103854	威马汽车	161789	威马EX5	国产
1208	现代	3296	劳恩斯	合资
1208	现代	3297	美佳	合资
1208	现代	3299	索纳塔	合资
1208	现代	3300	维拉克斯	合资
1208	现代	3303	雅科仕	合资
1208	现代	3304	雅尊	合资
1208	现代	3308	悦动	合资
1208	现代	3310	雅绅特	合资
1208	现代	5516	名驭	合资
1208	现代	5518	现代ix35	合资
1208	现代	5520	现代H-1辉翼	合资
1208	现代	5522	飞思	合资
1208	现代	17369	朗动	合资
1208	现代	17370	瑞纳	合资
1208	现代	17374	酷派	合资
1208	现代	17376	劳恩斯 酷派	合资
1208	现代	17377	圣达菲	合资
1208	现代	17378	世纪百年	合资
1208	现代	17380	特杰	合资
1208	现代	17381	途胜	合资
1208	现代	17385	现代i10	合资
1208	现代	17386	现代i20	合资
1208	现代	17387	现代i30	合资
1208	现代	22316	瑞奕	合资
1208	现代	22424	格锐	合资
1208	现代	22444	全新胜达	合资
1208	现代	22458	名图	合资
1208	现代	105294	君爵 XG250	合资
1208	现代	105299	伊兰特	合资
1208	现代	106098	现代Atos	合资
1208	现代	106100	王朝	合资
1208	现代	106101	现代Entourage	合资
1208	现代	106102	现代Galloper	合资
1208	现代	106103	捷恩斯	合资
1208	现代	106104	现代Getz	合资
1208	现代	106105	君爵 XG300	合资
1208	现代	106106	君爵 XG350	合资
1208	现代	106107	现代i45	合资
1208	现代	106108	现代i800	合资
1208	现代	106109	现代ix25	合资
1208	现代	106110	现代Satellite	合资
1208	现代	106111	特拉卡	合资
1208	现代	161107	君爵	合资
1208	现代	161113	领动	合资
1208	现代	161114	领翔	合资
1208	现代	161145	悦纳	合资
1208	现代	161226	格越	合资
1208	现代	161291	新胜达	合资
1208	现代	161353	御翔	合资
1208	现代	161354	索纳塔八	合资
1208	现代	161355	索纳塔九	合资
1208	现代	161363	康恩迪	合资
1208	现代	161392	悦纳RV	合资
1208	现代	161639	伊兰特EV	国产
1208	现代	161753	ENCINO	合资
1213	雪铁龙	13	富康	合资
1213	雪铁龙	3332	雪铁龙C4	合资
1213	雪铁龙	3334	雪铁龙C6	合资
1213	雪铁龙	3335	凯旋	合资
1213	雪铁龙	3336	世嘉	合资
1213	雪铁龙	3340	雪铁龙C2	合资
1213	雪铁龙	3341	赛纳	合资
1213	雪铁龙	5469	雪铁龙C5	合资
1213	雪铁龙	17416	毕加索	合资
1213	雪铁龙	17418	雪铁龙C3	合资
1213	雪铁龙	17419	雪铁龙C8	合资
1213	雪铁龙	17423	雪铁龙C-Crosser	合资
1213	雪铁龙	17424	雪铁龙C1	合资
1213	雪铁龙	22413	爱丽舍	合资
1213	雪铁龙	106360	雪铁龙C3-XR	合资
1213	雪铁龙	106368	桑蒂雅	合资
1213	雪铁龙	160888	C4世嘉	合资
1213	雪铁龙	161064	雪铁龙C4 PICASSO	合资
1213	雪铁龙	161338	雪铁龙C4 Aircross	合资
1213	雪铁龙	161339	雪铁龙C4L	合资
1213	雪铁龙	161665	天逸 C5 AIRCROSS	合资
1307	雪佛兰	3314	雪佛兰Express	合资
1307	雪佛兰	3317	柯西嘉	合资
1307	雪佛兰	3318	景程	合资
1307	雪佛兰	3320	乐风	合资
1307	雪佛兰	3323	赛欧SRV	合资
1307	雪佛兰	3324	开拓者	合资
1307	雪佛兰	3325	乐驰	合资
1307	雪佛兰	5462	斯帕可	合资
1307	雪佛兰	5463	科帕奇	合资
1307	雪佛兰	5464	科迈罗	合资
1307	雪佛兰	5465	沃蓝达	合资
1307	雪佛兰	5468	迈锐宝	合资
1307	雪佛兰	17402	乐骋	合资
1307	雪佛兰	17411	科鲁兹	合资
1307	雪佛兰	17412	鲁米娜	合资
1307	雪佛兰	22415	雪佛兰Traverse	合资
1307	雪佛兰	22419	雪佛兰Suburban	合资
1307	雪佛兰	105453	创酷	合资
1307	雪佛兰	105454	爱唯欧	合资
1307	雪佛兰	105458	赛欧	合资
1307	雪佛兰	106318	雪佛兰Astro	合资
1307	雪佛兰	106319	雪崩	合资
1307	雪佛兰	106326	骑士	合资
1307	雪佛兰	106328	科宝	合资
1307	雪佛兰	106340	春分	合资
1307	雪佛兰	106342	雪佛兰HHR	合资
1307	雪佛兰	106343	英帕拉	合资
1307	雪佛兰	106348	蒙特卡洛	合资
1307	雪佛兰	106349	普林斯	合资
1307	雪佛兰	106350	雷佐	合资
1307	雪佛兰	106352	豪放	合资
1307	雪佛兰	106353	追踪者	合资
1307	雪佛兰	106355	全能先锋	合资
1307	雪佛兰	106357	雪佛兰Uplander	合资
1307	雪佛兰	160943	科沃兹	合资
1307	雪佛兰	161336	乐风RV	合资
1307	雪佛兰	161337	迈锐宝XL	合资
1307	雪佛兰	161399	库罗德	合资
1307	雪佛兰	161400	索罗德	合资
1307	雪佛兰	161523	探界者	国产
1308	新凯	22577	凯胜	国产
1308	新凯	105914	新凯之星	国产
1308	新凯	105915	新凯商务车	国产
1308	新凯	105916	新凯靓星	国产
1308	新凯	105917	都市之星	国产
1308	新凯	161483	新凯威霆	合资
1308	新凯	161564	新凯凌特	国产
1308	新凯	161565	新凯V-Class	国产
1309	新雅途	3343	优尼柯	国产
1309	新雅途	3344	君达	国产
1309	新雅途	3345	新雅途	国产
1309	新雅途	3346	英格尔	国产
2255	西雅特	5684	西亚特LEON	合资
2255	西雅特	22433	欧悦搏	合资
2255	西雅特	22576	伊比飒	合资
102465	夏利	17363	夏利2000	国产
102465	夏利	17367	夏利N5	国产
102465	夏利	105047	夏利N7	国产
102465	夏利	105761	夏利	国产
102465	夏利	105763	雅酷	国产
103785	西安奥拓	106212	西安奥拓	国产
1210	一汽	3352	威乐	国产
1210	一汽	3355	自由风	国产
1210	一汽	5614	威志V2	国产
1210	一汽	5616	威姿	国产
1210	一汽	104912	佳宝T系列	国产
1210	一汽	104914	威志	国产
1210	一汽	104916	威志V2 Cross	国产
1210	一汽	104917	威志V5	国产
1210	一汽	104918	森雅M80	国产
1210	一汽	104919	森雅S80	国产
1210	一汽	105579	一汽AV6	国产
1210	一汽	105580	福星	国产
1210	一汽	105581	自由风II	国产
1210	一汽	105582	骏派D60	国产
1210	一汽	160949	骏派A70	国产
1210	一汽	161132	森雅R7	国产
1210	一汽	161163	佳宝V52	国产
1210	一汽	161164	佳宝V75	国产
1210	一汽	161165	佳宝V77	国产
1210	一汽	161166	佳宝V80	国产
1210	一汽	161167	佳宝V70	国产
1210	一汽	161168	佳宝V70 II代	国产
1210	一汽	161175	解放T80	国产
1210	一汽	161542	佳宝V55	国产
1210	一汽	161669	骏派A70E	国产
1210	一汽	161745	骏派A50	国产
1244	云雀	2907	云雀	国产
1244	云雀	161781	云雀Q1	国产
1310	英菲尼迪	3351	英菲尼迪QX56	合资
1310	英菲尼迪	17429	英菲尼迪JX35	合资
1310	英菲尼迪	22367	英菲尼迪QX80	合资
1310	英菲尼迪	22368	英菲尼迪QX70	合资
1310	英菲尼迪	22373	英菲尼迪QX50	合资
1310	英菲尼迪	22374	英菲尼迪Q60	合资
1310	英菲尼迪	22375	英菲尼迪Q70L	合资
1310	英菲尼迪	22376	英菲尼迪Q60S	合资
1310	英菲尼迪	22377	英菲尼迪Q50	合资
1310	英菲尼迪	104247	英菲尼迪Q50L	合资
1310	英菲尼迪	104248	英菲尼迪ESQ	合资
1310	英菲尼迪	105326	英菲尼迪EX系列	合资
1310	英菲尼迪	105340	英菲尼迪M系列	合资
1310	英菲尼迪	106176	英菲尼迪FX系列	合资
1310	英菲尼迪	106177	英菲尼迪G系列	合资
1310	英菲尼迪	106181	英菲尼迪Q45	合资
1310	英菲尼迪	106182	英菲尼迪QX4	合资
1310	英菲尼迪	106183	英菲尼迪QX60	合资
1310	英菲尼迪	161140	英菲尼迪QX	合资
1310	英菲尼迪	161249	英菲尼迪QX30	合资
1310	英菲尼迪	161346	英菲尼迪Q70	合资
1311	依维柯	3361	康果	国产
1311	依维柯	105649	依维柯	国产
1311	依维柯	105651	宝迪	国产
1311	依维柯	105656	康驾A35	国产
1311	依维柯	105657	得意	国产
1311	依维柯	105658	得意A40	国产
1311	依维柯	105659	快运王A35	国产
1311	依维柯	105660	都灵	国产
1311	依维柯	161225	依维柯Turbo Daily	国产
1311	依维柯	161288	依维柯Power Daily	国产
1311	依维柯	161592	依维柯Ouba	国产
1311	依维柯	161702	依维柯Daily	国产
1311	依维柯	161759	依维柯Venice	合资
1313	扬子	3365	飞铃皮卡	国产
1313	扬子	3367	飞扬皮卡	国产
1313	扬子	3368	飞扬SUV	国产
1313	扬子	3369	金麒麟	国产
1313	扬子	105889	长丰DUV	国产
1313	扬子	105890	飞铃SUV	国产
2261	永源	5694	永源A380	国产
2261	永源	17440	飞碟UFO	国产
2261	永源	22318	猎鹰	国产
2261	永源	22536	永源五星	国产
2261	永源	105267	风景线	国产
2261	永源	106016	庄威	国产
103784	英致	106174	英致G3	国产
103784	英致	160866	英致737	国产
103784	英致	160916	英致727	国产
103784	英致	161143	英致G5	国产
103828	烟台舒驰	161518	舒驰	国产
103831	御捷	161579	御捷	国产
103831	御捷	161635	御捷E驰	国产
103831	御捷	161695	御捷E行	国产
103839	宇通客车	161633	宇通T7	国产
103843	云度	161682	云度π1	国产
103843	云度	161731	云度π3	国产
103844	裕路	161693	裕路EV2	国产
1315	中华	3372	骏捷	国产
1315	中华	3373	骏捷FRV	国产
1315	中华	3374	骏捷Wagon	国产
1315	中华	3375	尊驰	国产
1315	中华	3376	酷宝	国产
1315	中华	3377	中华	国产
1315	中华	5512	骏捷FSV	国产
1315	中华	5513	骏捷Cross	国产
1315	中华	17447	中华H230	国产
1315	中华	17449	中华H530	国产
1315	中华	17450	中华V5	国产
1315	中华	22293	中华H330	国产
1315	中华	22294	中华H220	国产
1315	中华	22310	中华H320	国产
1315	中华	104252	中华豚	国产
1315	中华	106594	中华V3	国产
1315	中华	161498	中华H3	国产
1315	中华	161568	中华H230EV	国产
1315	中华	161730	中华v6	国产
1318	众泰	3385	众泰5008	国产
1318	众泰	5626	江南TT	国产
1318	众泰	5627	众泰M300	国产
1318	众泰	5628	众泰2008	国产
1318	众泰	5629	众泰Z200	国产
1318	众泰	5630	众泰V10	国产
1318	众泰	17451	众泰Z300	国产
1318	众泰	17452	众泰Z200HB	国产
1318	众泰	22285	众泰Z100	国产
1318	众泰	22287	众泰T200	国产
1318	众泰	22288	众泰T600	国产
1318	众泰	104253	云100	国产
1318	众泰	105645	众泰E20	国产
1318	众泰	105646	众泰Z500	国产
1318	众泰	160869	大迈X5	国产
1318	众泰	160898	众泰SR7	国产
1318	众泰	160899	众泰Z700	国产
1318	众泰	160900	芝麻E30	国产
1318	众泰	161151	众泰E200	国产
1318	众泰	161152	众泰SR9	国产
1318	众泰	161299	大迈X7	国产
1318	众泰	161493	众泰Z560	国产
1318	众泰	161494	芝麻	国产
1318	众泰	161525	众泰Z360	国产
1318	众泰	161550	众泰T700	国产
1318	众泰	161589	众泰T600 Coupe	国产
1318	众泰	161647	众泰T300	国产
1318	众泰	161744	众泰T500	国产
1319	中兴	3386	驰野-鑫精英	国产
1319	中兴	3388	威虎	国产
1319	中兴	3389	无限	国产
1319	中兴	3390	长铃	国产
1319	中兴	3391	福星SUV	国产
1319	中兴	3393	小老虎	国产
1319	中兴	17456	无限V6	国产
1319	中兴	17457	无限V7	国产
1319	中兴	22272	中兴C3	国产
1319	中兴	22528	无限V3	国产
1319	中兴	104939	旗舰SUV	国产
1319	中兴	104940	旗舰A9	国产
1319	中兴	105604	中兴GX3	国产
1319	中兴	105605	万禧龙	国产
1319	中兴	105607	威虎TUV	国产
1319	中兴	105608	田野SUV	国产
1319	中兴	161115	领主	国产
1319	中兴	161281	威虎G3	国产
1319	中兴	161284	昌铃	国产
1319	中兴	161296	无限V5	国产
1319	中兴	161588	陆地方舟	国产
1319	中兴	161658	田野	国产
103770	中欧	105609	尊致	国产
103770	中欧	105610	尊逸	国产
103770	中欧	105614	尊铂	国产
103771	中顺	105616	中顺世纪	国产
103796	知豆	160928	知豆D1	国产
103796	知豆	160940	知豆D2	国产
103796	知豆	161150	知豆	国产
103796	知豆	161698	知豆D3	国产
103817	重汽王牌	161385	W1	国产
103820	之诺	161406	之诺1E	合资
103820	之诺	161546	之诺60H	国产
